"id"	"species"	"A"	"B"
"1433B_HUMAN"	"HUMAN"	0.0835434366499594	0.152300710243177
"1433E_HUMAN"	"HUMAN"	0.0920000821241848	0.0326717350750012
"1433G_HUMAN"	"HUMAN"	0.1082495020178	0.107617123058748
"1433S_HUMAN"	"HUMAN"	0.124574662893064	0.0270167853431522
"1433T_HUMAN"	"HUMAN"	0.0943715282368063	0.176092753840554
"1433Z_HUMAN"	"HUMAN"	0.329204748763384	0.265769449807844
"1A68_HUMAN"	"HUMAN"	0.102302411430177	0.0522265699716534
"1B82_HUMAN"	"HUMAN"	0.0627412767460969	NA
"1C03_HUMAN"	"HUMAN"	NA	0.0974422903514024
"1C18_HUMAN"	"HUMAN"	NA	NA
"2AAA_HUMAN"	"HUMAN"	0.0374319271781177	0.470110794018673
"2AAB_HUMAN"	"HUMAN"	NA	0.174788064584099
"3HIDH_HUMAN"	"HUMAN"	NA	NA
"4F2_HUMAN"	"HUMAN"	0.0632126096578975	0.0604825148392622
"6PGD_HUMAN"	"HUMAN"	0.120151915580349	0.16072443881422
"AAAT_HUMAN"	"HUMAN"	0.0279709435450375	0.0375780594618741
"AATM_HUMAN"	"HUMAN"	0.100655335767805	0.107538583392888
"ABCF1_HUMAN"	"HUMAN"	NA	NA
"ACACA_HUMAN"	"HUMAN"	NA	NA
"ACADM_HUMAN"	"HUMAN"	NA	0.362417234002839
"ACADV_HUMAN"	"HUMAN"	0.199565601468913	0.153199056094289
"ACLY_HUMAN"	"HUMAN"	0.125357077044136	0.108710487369221
"ACO13_HUMAN"	"HUMAN"	NA	NA
"ACOC_HUMAN"	"HUMAN"	0.103205669972785	0.157364420768129
"ACON_HUMAN"	"HUMAN"	0.0673422611838864	0.126812858899577
"ACPH_HUMAN"	"HUMAN"	NA	NA
"ACSL3_HUMAN"	"HUMAN"	0.251776077680095	0.25746252664406
"ACSL4_HUMAN"	"HUMAN"	0.0763710001093675	NA
"ACTG_HUMAN"	"HUMAN"	0.0825708268586073	0.0503641144600903
"ACTN1_HUMAN"	"HUMAN"	0.866450338033838	NA
"ACTN4_HUMAN"	"HUMAN"	0.0523966565992821	0.0382631124456019
"ACTS_HUMAN"	"HUMAN"	0.0975919579889669	0.0425234770945731
"ADRM1_HUMAN"	"HUMAN"	NA	0.0659006162586342
"ADT2_HUMAN"	"HUMAN"	0.0708211073351346	0.050077250282558
"ADT3_HUMAN"	"HUMAN"	0.09147053897133	0.0608658379591105
"AHNK_HUMAN"	"HUMAN"	0.105031808680199	0.0582787158934857
"AHSA1_HUMAN"	"HUMAN"	0.452359038070725	0.222352513947342
"AIFM1_HUMAN"	"HUMAN"	0.0365144720462971	0.616684461406145
"AIMP2_HUMAN"	"HUMAN"	0.0820571837994493	0.0111056351819471
"AK1A1_HUMAN"	"HUMAN"	0.0472392795518536	0.0115040682099214
"AK1C2_HUMAN"	"HUMAN"	0.04970542149764	0.628024314565711
"AK1C3_HUMAN"	"HUMAN"	0.379832869147202	0.0339028587802021
"AK1C4_HUMAN"	"HUMAN"	0.198443650464219	0.146406772977794
"AL3A2_HUMAN"	"HUMAN"	NA	0.103741527348851
"AL7A1_HUMAN"	"HUMAN"	0.135992247223067	0.132222273565351
"ALBU_HUMAN"	"HUMAN"	0.0979893476763144	0.0145025488813759
"ALDH2_HUMAN"	"HUMAN"	NA	NA
"ALDOA_HUMAN"	"HUMAN"	0.0991107788634558	0.0267509715606428
"ALDOC_HUMAN"	"HUMAN"	0.119615687407673	0.158383780822366
"ALDR_HUMAN"	"HUMAN"	0.217884857836176	0.0410869818859407
"AMPB_HUMAN"	"HUMAN"	NA	NA
"AN32A_HUMAN"	"HUMAN"	0.142544443231137	NA
"AN32B_HUMAN"	"HUMAN"	0.288118299145698	0.558859627450966
"AN32E_HUMAN"	"HUMAN"	0.0911870895580049	0.0500695523883208
"ANM1_HUMAN"	"HUMAN"	0.0621761151730212	0.395171055324609
"ANX11_HUMAN"	"HUMAN"	0.0247749255630648	NA
"ANXA1_HUMAN"	"HUMAN"	0.0793691932485164	0.0708427529164904
"ANXA2_HUMAN"	"HUMAN"	0.107683453625254	0.119216830396664
"ANXA3_HUMAN"	"HUMAN"	NA	NA
"ANXA5_HUMAN"	"HUMAN"	0.0684107796030162	0.152899498708393
"AP2A2_HUMAN"	"HUMAN"	NA	NA
"APEX1_HUMAN"	"HUMAN"	0.18457279501501	0.121873954272954
"ARF3_HUMAN"	"HUMAN"	0.0425418973433004	NA
"ARF4_HUMAN"	"HUMAN"	0.638954278493477	0.502482723016936
"ARF5_HUMAN"	"HUMAN"	0.131914243132822	0.0672708869876765
"ARP2_HUMAN"	"HUMAN"	NA	NA
"ARP3_HUMAN"	"HUMAN"	0.311462333815785	0.163505395681603
"ASNS_HUMAN"	"HUMAN"	0.0418248746281162	0.17415066459424
"ASPH_HUMAN"	"HUMAN"	NA	NA
"ASSY_HUMAN"	"HUMAN"	0.102322789950265	0.0888547848678158
"AT1A1_HUMAN"	"HUMAN"	0.0810507171674899	0.262099602606286
"AT1A3_HUMAN"	"HUMAN"	0.0784690299020742	NA
"AT1A4_HUMAN"	"HUMAN"	NA	NA
"AT2A2_HUMAN"	"HUMAN"	0.190682150998452	NA
"AT2A3_HUMAN"	"HUMAN"	0.120680760049424	0.225571175494389
"ATD3B_HUMAN"	"HUMAN"	NA	0.0608190387952458
"ATD3C_HUMAN"	"HUMAN"	NA	NA
"ATIF1_HUMAN"	"HUMAN"	NA	0.0672278031883915
"ATLA3_HUMAN"	"HUMAN"	NA	NA
"ATP5H_HUMAN"	"HUMAN"	0.0283448720311685	NA
"ATP5L_HUMAN"	"HUMAN"	NA	NA
"ATPA_HUMAN"	"HUMAN"	0.127164309001881	0.0578189850996258
"ATPB_HUMAN"	"HUMAN"	0.104530206944101	0.118569451074327
"ATPG_HUMAN"	"HUMAN"	NA	NA
"ATPK_HUMAN"	"HUMAN"	0.065240622174327	NA
"ATPO_HUMAN"	"HUMAN"	0.317021186675558	0.370259481324891
"AXA2L_HUMAN"	"HUMAN"	0.0746328765897108	0.0211021610255595
"B4GT1_HUMAN"	"HUMAN"	NA	NA
"BAP31_HUMAN"	"HUMAN"	NA	NA
"BASI_HUMAN"	"HUMAN"	0.124600963735502	0.035849468552329
"BASP1_HUMAN"	"HUMAN"	0.0913404899432412	0.0299880929492842
"BCLF1_HUMAN"	"HUMAN"	NA	NA
"BIEA_HUMAN"	"HUMAN"	NA	NA
"BUB3_HUMAN"	"HUMAN"	0.180521114321625	0.168368515838366
"BZW1_HUMAN"	"HUMAN"	NA	NA
"C1QBP_HUMAN"	"HUMAN"	0.267085394286501	0.162119176878941
"C1TC_HUMAN"	"HUMAN"	0.214886576073919	0.181328797674043
"CALM_HUMAN"	"HUMAN"	0.166066318658517	0.0942238325670243
"CALR_HUMAN"	"HUMAN"	0.312191170445171	0.253222959709049
"CALX_HUMAN"	"HUMAN"	0.0383290176057881	0.0337085175866375
"CAN1_HUMAN"	"HUMAN"	NA	NA
"CAND1_HUMAN"	"HUMAN"	0.0378821469796665	0.0492667174539153
"CAP1_HUMAN"	"HUMAN"	0.199741139202882	0.442139215437485
"CAPG_HUMAN"	"HUMAN"	0.478048988671033	0.23645329913538
"CAPR1_HUMAN"	"HUMAN"	NA	NA
"CATD_HUMAN"	"HUMAN"	0.0311213962312259	0.480881229418438
"CAZA1_HUMAN"	"HUMAN"	0.746775881950019	0.521683460694074
"CAZA2_HUMAN"	"HUMAN"	NA	NA
"CBR1_HUMAN"	"HUMAN"	NA	0.30147863551307
"CBR3_HUMAN"	"HUMAN"	0.0903728210689267	0.0261157614693965
"CBX3_HUMAN"	"HUMAN"	0.240492256003458	NA
"CBX5_HUMAN"	"HUMAN"	NA	0.0520900602864765
"CCAR2_HUMAN"	"HUMAN"	NA	NA
"CD44_HUMAN"	"HUMAN"	0.139037975888877	0.073505667729535
"CD59_HUMAN"	"HUMAN"	0.389973431192044	0.068062926213455
"CDC42_HUMAN"	"HUMAN"	NA	NA
"CH10_HUMAN"	"HUMAN"	0.101037420374432	0.0478718109519687
"CH60_HUMAN"	"HUMAN"	0.101143067040215	0.0684621175804521
"CISY_HUMAN"	"HUMAN"	0.101736286385147	0.168468060188564
"CKAP4_HUMAN"	"HUMAN"	0.0907998491871009	0.0346468835359221
"CLH1_HUMAN"	"HUMAN"	0.237391461025896	0.107842894616272
"CLH2_HUMAN"	"HUMAN"	0.109844264186378	0.048210076774759
"CLIC1_HUMAN"	"HUMAN"	0.0610492078197418	0.0984003413613903
"CLUS_HUMAN"	"HUMAN"	0.0752194898687771	NA
"CN166_HUMAN"	"HUMAN"	0.0157178256127539	0.251332361306639
"CNPY2_HUMAN"	"HUMAN"	0.179096537486664	0.102309506551528
"COF1_HUMAN"	"HUMAN"	0.0972690060689346	0.041430388836739
"COF2_HUMAN"	"HUMAN"	0.113701606608981	0.154299270833506
"COPB2_HUMAN"	"HUMAN"	NA	NA
"COPD_HUMAN"	"HUMAN"	0.105998583540261	0.279067842312617
"COPG1_HUMAN"	"HUMAN"	NA	NA
"COPG2_HUMAN"	"HUMAN"	0.0129541042937562	0.104405096656266
"COR1C_HUMAN"	"HUMAN"	NA	NA
"COX2_HUMAN"	"HUMAN"	1.00530220403906	0.108726535947824
"COX41_HUMAN"	"HUMAN"	NA	NA
"CPNE1_HUMAN"	"HUMAN"	NA	0.0159615107087541
"CPSF5_HUMAN"	"HUMAN"	NA	NA
"CPSM_HUMAN"	"HUMAN"	0.0497502760733579	0.0507763696664402
"CPT1A_HUMAN"	"HUMAN"	0.297481404517638	0.262459268271503
"CRTAP_HUMAN"	"HUMAN"	NA	NA
"CSRP1_HUMAN"	"HUMAN"	0.293621245062534	0.0194482742460133
"CSRP2_HUMAN"	"HUMAN"	0.287693410395593	0.540383999694584
"CUTA_HUMAN"	"HUMAN"	NA	0.140906959371151
"CY1_HUMAN"	"HUMAN"	0.0123082031783148	0.015996390214265
"CYBP_HUMAN"	"HUMAN"	NA	NA
"CYC_HUMAN"	"HUMAN"	0.109343795747069	0.134605606285983
"DAF_HUMAN"	"HUMAN"	0.0464466843320136	0.200050679733847
"DAZP1_HUMAN"	"HUMAN"	NA	NA
"DDB1_HUMAN"	"HUMAN"	0.143440355506904	0.0467965810217899
"DDX17_HUMAN"	"HUMAN"	0.129271676908628	0.264430390163292
"DDX1_HUMAN"	"HUMAN"	0.082282253335061	0.131945956456943
"DDX21_HUMAN"	"HUMAN"	0.107801597140817	0.174947412342035
"DDX3X_HUMAN"	"HUMAN"	0.0870858063009967	0.136854298048811
"DDX46_HUMAN"	"HUMAN"	NA	NA
"DDX50_HUMAN"	"HUMAN"	NA	NA
"DDX5_HUMAN"	"HUMAN"	0.0838404549602189	0.0695231052457873
"DEK_HUMAN"	"HUMAN"	0.186610870967773	0.455802351532295
"DHB4_HUMAN"	"HUMAN"	0.0275638271443107	NA
"DHE3_HUMAN"	"HUMAN"	0.088384023652167	0.362660826834329
"DHE4_HUMAN"	"HUMAN"	0.198625757027715	NA
"DHSA_HUMAN"	"HUMAN"	0.0655833958050588	0.0110112253528095
"DHX15_HUMAN"	"HUMAN"	0.128089224730621	0.30698129698707
"DHX9_HUMAN"	"HUMAN"	0.269437877501908	0.0685513532305057
"DIAP1_HUMAN"	"HUMAN"	NA	NA
"DLDH_HUMAN"	"HUMAN"	0.559631963910212	0.562090643535655
"DNJA1_HUMAN"	"HUMAN"	NA	NA
"DNJB1_HUMAN"	"HUMAN"	0.331452166596835	0.16495282456531
"DNM1L_HUMAN"	"HUMAN"	0.181386188179275	NA
"DNPH1_HUMAN"	"HUMAN"	NA	NA
"DPM1_HUMAN"	"HUMAN"	NA	NA
"DPYL2_HUMAN"	"HUMAN"	0.172663285315815	NA
"DUT_HUMAN"	"HUMAN"	0.476964787032513	0.68787206796186
"DX39A_HUMAN"	"HUMAN"	NA	0.545841988837614
"DX39B_HUMAN"	"HUMAN"	0.0533216428235449	0.0510714597650604
"DYHC1_HUMAN"	"HUMAN"	0.0533776197395242	0.0817683702129147
"EBP2_HUMAN"	"HUMAN"	0.258144396628039	0.208889470249583
"ECH1_HUMAN"	"HUMAN"	0.0657846212844788	0.262953180307978
"ECHA_HUMAN"	"HUMAN"	0.221254824484323	0.362883516288163
"ECHB_HUMAN"	"HUMAN"	NA	NA
"ECHM_HUMAN"	"HUMAN"	0.271461683997641	0.401307150666138
"ECI1_HUMAN"	"HUMAN"	0.243884528064739	0.351415776961076
"EF1A2_HUMAN"	"HUMAN"	0.24565136156966	0.0341585129650775
"EF1A3_HUMAN"	"HUMAN"	0.0738904258091029	0.0553643443973085
"EF1B_HUMAN"	"HUMAN"	0.557675866601777	0.54537125872008
"EF1D_HUMAN"	"HUMAN"	0.0170017855678241	0.201359384706682
"EF1G_HUMAN"	"HUMAN"	0.0769794829877365	0.0480985423029463
"EF2_HUMAN"	"HUMAN"	0.108903162103906	0.044683398373077
"EFTU_HUMAN"	"HUMAN"	0.0838333099260116	0.0499856151204493
"EIF3A_HUMAN"	"HUMAN"	0.252033070885641	0.164509877660131
"EIF3D_HUMAN"	"HUMAN"	0.0631256415433178	NA
"EIF3E_HUMAN"	"HUMAN"	NA	NA
"EIF3F_HUMAN"	"HUMAN"	NA	NA
"EIF3M_HUMAN"	"HUMAN"	NA	NA
"EIFCL_HUMAN"	"HUMAN"	0.381880186589191	0.121979043844648
"ELAV1_HUMAN"	"HUMAN"	0.128617804477802	0.0813917066508721
"EMD_HUMAN"	"HUMAN"	0.0350671135184585	0.342776401170784
"ENOA_HUMAN"	"HUMAN"	0.0591102662077742	0.0508022919586572
"ENPL_HUMAN"	"HUMAN"	0.0684561175817758	0.257565599603546
"EPIPL_HUMAN"	"HUMAN"	0.286190268737247	0.296940925902855
"ERF1_HUMAN"	"HUMAN"	NA	NA
"ERF3A_HUMAN"	"HUMAN"	0.624234788532284	0.574319937873916
"ERH_HUMAN"	"HUMAN"	0.0448710914419933	0.0688219862386299
"ERLN2_HUMAN"	"HUMAN"	0.0719277370362584	NA
"ERP29_HUMAN"	"HUMAN"	0.0350610377591555	0.0142535274629519
"ESTD_HUMAN"	"HUMAN"	0.0373895096368165	NA
"ESYT1_HUMAN"	"HUMAN"	0.279721299440853	NA
"ETFA_HUMAN"	"HUMAN"	0.284170113755167	0.201406301033116
"ETFB_HUMAN"	"HUMAN"	0.197133231664379	NA
"EZRI_HUMAN"	"HUMAN"	0.224626262232858	0.425797831499088
"FABP5_HUMAN"	"HUMAN"	0.658368601452674	NA
"FAS_HUMAN"	"HUMAN"	0.10035790537722	0.081514844666773
"FBRL_HUMAN"	"HUMAN"	0.162972214120466	NA
"FEN1_HUMAN"	"HUMAN"	0.160860890961148	0.0302707379916982
"FKB10_HUMAN"	"HUMAN"	NA	NA
"FKB1A_HUMAN"	"HUMAN"	0.0719367604887852	NA
"FKBP4_HUMAN"	"HUMAN"	0.116625628078045	0.0275278149004133
"FKBP8_HUMAN"	"HUMAN"	NA	NA
"FLNA_HUMAN"	"HUMAN"	0.0592131011769328	0.0336733835979934
"FLNB_HUMAN"	"HUMAN"	0.0722021128512358	0.038347641896985
"FLNC_HUMAN"	"HUMAN"	NA	NA
"FLOT1_HUMAN"	"HUMAN"	NA	NA
"FOLR1_HUMAN"	"HUMAN"	0.0798661620513989	0.0312838791476223
"FPPS_HUMAN"	"HUMAN"	0.119046049198345	NA
"FRIH_HUMAN"	"HUMAN"	NA	NA
"FSCN1_HUMAN"	"HUMAN"	0.137859530517061	0.319937809269753
"FUBP1_HUMAN"	"HUMAN"	0.0122005732116367	0.225647431401089
"FUBP2_HUMAN"	"HUMAN"	0.576994259705244	NA
"FUBP3_HUMAN"	"HUMAN"	0.124762896878736	0.0289692564328178
"FUMH_HUMAN"	"HUMAN"	0.0716062186946677	0.10248445297626
"FUS_HUMAN"	"HUMAN"	0.184116870650414	0.408061517497636
"G3BP1_HUMAN"	"HUMAN"	0.263769048582225	0.261520863397273
"G3P_HUMAN"	"HUMAN"	0.112893640467121	0.0664984212089475
"G6PD_HUMAN"	"HUMAN"	0.187759533214016	0.180395952987115
"G6PI_HUMAN"	"HUMAN"	0.0982318619509423	0.054211996764813
"GALT2_HUMAN"	"HUMAN"	0.705850725008335	0.641067264766709
"GANAB_HUMAN"	"HUMAN"	0.185695906565657	0.018655095123837
"GBB2_HUMAN"	"HUMAN"	NA	NA
"GBB4_HUMAN"	"HUMAN"	NA	NA
"GBLP_HUMAN"	"HUMAN"	0.130450033482746	0.0794758427411718
"GCN1L_HUMAN"	"HUMAN"	0.128349320881808	0.14976258343194
"GDIB_HUMAN"	"HUMAN"	0.0648236643527878	0.0364593085307066
"GDIR1_HUMAN"	"HUMAN"	0.330641145786352	0.543981428769775
"GLGB_HUMAN"	"HUMAN"	NA	NA
"GLU2B_HUMAN"	"HUMAN"	0.605481783470708	0.402970365809837
"GLYM_HUMAN"	"HUMAN"	0.181604423730269	0.0731222423185729
"GNAT3_HUMAN"	"HUMAN"	NA	0.0759382358813691
"GNL3_HUMAN"	"HUMAN"	0.164161805448026	NA
"GRHPR_HUMAN"	"HUMAN"	NA	NA
"GRP75_HUMAN"	"HUMAN"	0.0766460717953982	0.0606641658776875
"GRP78_HUMAN"	"HUMAN"	0.0334013596053794	0.189134453167009
"GSHR_HUMAN"	"HUMAN"	NA	NA
"GSTM3_HUMAN"	"HUMAN"	0.404886176262854	0.366386000353079
"GSTO1_HUMAN"	"HUMAN"	NA	0.101392249596523
"GSTP1_HUMAN"	"HUMAN"	0.553839057207618	0.095679829531206
"GT251_HUMAN"	"HUMAN"	0.234568314099323	0.214016502073057
"GTF2I_HUMAN"	"HUMAN"	NA	NA
"GUAD_HUMAN"	"HUMAN"	0.245158703202001	NA
"H14_HUMAN"	"HUMAN"	0.15749742513476	0.0565918283920586
"H15_HUMAN"	"HUMAN"	0.149819957385143	0.0452747737640661
"H1T_HUMAN"	"HUMAN"	0.0930217226143751	0.0713251474825038
"H2A3_HUMAN"	"HUMAN"	0.125323403947336	0.0836072112999651
"H2AX_HUMAN"	"HUMAN"	0.0157178071615219	0.0289197145855987
"H2AY_HUMAN"	"HUMAN"	0.0796298584998704	0.0577981111590732
"H2AZ_HUMAN"	"HUMAN"	0.457292605314781	0.0418872924756984
"H2B3B_HUMAN"	"HUMAN"	0.0788988629448927	0.00787067403880301
"H2BFS_HUMAN"	"HUMAN"	0.0594034423006806	0.0449449549249239
"H33_HUMAN"	"HUMAN"	0.110081872099616	0.0320727586587444
"H3C_HUMAN"	"HUMAN"	0.102562531216353	0.0244183660531316
"H4_HUMAN"	"HUMAN"	0.0889460582110252	0.0574151082192728
"HAP28_HUMAN"	"HUMAN"	NA	NA
"HCD2_HUMAN"	"HUMAN"	0.113502906334947	0.180645873127748
"HCDH_HUMAN"	"HUMAN"	0.0234107760686522	0.411174545533472
"HDAC2_HUMAN"	"HUMAN"	0.15403367313291	0.139033101151617
"HDGF_HUMAN"	"HUMAN"	0.289842603834648	0.0173643388227631
"HEXA_HUMAN"	"HUMAN"	0.294823771897854	NA
"HEXB_HUMAN"	"HUMAN"	0.288473228866644	0.118133623645606
"HLAH_HUMAN"	"HUMAN"	NA	NA
"HMGB1_HUMAN"	"HUMAN"	0.226811905425109	0.00623979595470965
"HMGB2_HUMAN"	"HUMAN"	0.0591842745696782	0.0567284114555299
"HNRDL_HUMAN"	"HUMAN"	NA	NA
"HNRH1_HUMAN"	"HUMAN"	NA	0.108172808234127
"HNRH2_HUMAN"	"HUMAN"	0.0723822740281611	0.0464478664668135
"HNRH3_HUMAN"	"HUMAN"	0.633783483064774	0.103778330907761
"HNRL1_HUMAN"	"HUMAN"	NA	0.0980574595819503
"HNRL2_HUMAN"	"HUMAN"	0.0932014434613716	0.0794811812227814
"HNRPC_HUMAN"	"HUMAN"	0.0951476352239831	0.0443967563383846
"HNRPD_HUMAN"	"HUMAN"	0.090515394368644	0.0535617426807619
"HNRPF_HUMAN"	"HUMAN"	0.0568909778836861	0.0564533667474063
"HNRPK_HUMAN"	"HUMAN"	0.090760959972742	0.0436527609823107
"HNRPL_HUMAN"	"HUMAN"	0.199638313626004	0.067355454883563
"HNRPM_HUMAN"	"HUMAN"	0.146983492135544	0.175524092413391
"HNRPQ_HUMAN"	"HUMAN"	0.657824414804706	0.476019429671816
"HNRPR_HUMAN"	"HUMAN"	0.0216335402808145	0.0967607005472862
"HNRPU_HUMAN"	"HUMAN"	0.0437211991995254	0.0253231826097453
"HP1B3_HUMAN"	"HUMAN"	0.279162219004046	NA
"HPRT_HUMAN"	"HUMAN"	0.169725424874634	0.168435474252571
"HS74L_HUMAN"	"HUMAN"	NA	NA
"HS90A_HUMAN"	"HUMAN"	0.0762446836998724	0.0778187904117537
"HS90B_HUMAN"	"HUMAN"	0.0834317896489	0.0612084427348364
"HSP71_HUMAN"	"HUMAN"	0.0762338495951004	0.0631574067266478
"HSP74_HUMAN"	"HUMAN"	0.0717981671815851	0.0382767431283885
"HSP77_HUMAN"	"HUMAN"	NA	0.0532809561461524
"HSP7C_HUMAN"	"HUMAN"	0.131194684592453	0.0462446992174904
"HSPB1_HUMAN"	"HUMAN"	0.493003281663661	0.0537263001737003
"HUWE1_HUMAN"	"HUMAN"	0.0217010250209317	0.295857671637723
"HXK1_HUMAN"	"HUMAN"	NA	NA
"HYOU1_HUMAN"	"HUMAN"	NA	NA
"ICAL_HUMAN"	"HUMAN"	NA	NA
"IDH3A_HUMAN"	"HUMAN"	0.281209831202012	0.418014800438822
"IDHC_HUMAN"	"HUMAN"	0.117577659395169	0.313785122304494
"IF1AY_HUMAN"	"HUMAN"	NA	0.163549270907822
"IF2A_HUMAN"	"HUMAN"	0.112522578003995	NA
"IF2G_HUMAN"	"HUMAN"	0.110727280421702	0.153148254243934
"IF4A1_HUMAN"	"HUMAN"	0.162676286861399	0.197257112371354
"IF4A2_HUMAN"	"HUMAN"	0.0952170720007462	0.0602238964998349
"IF4A3_HUMAN"	"HUMAN"	0.0968639389116657	0.0582297760363084
"IF4G1_HUMAN"	"HUMAN"	0.0877129694157352	0.261859656479665
"IF5A1_HUMAN"	"HUMAN"	NA	0.0118363518981824
"IF5AL_HUMAN"	"HUMAN"	0.276304809505937	0.168892241141901
"IF6_HUMAN"	"HUMAN"	0.304098134326849	0.285687850186973
"ILF2_HUMAN"	"HUMAN"	0.0709318317657658	0.024724865327001
"ILF3_HUMAN"	"HUMAN"	0.276631354444708	0.400926040986214
"IMA1_HUMAN"	"HUMAN"	0.0750963639982516	NA
"IMB1_HUMAN"	"HUMAN"	0.105514816979824	0.0251439954219527
"IMDH2_HUMAN"	"HUMAN"	0.107357593571717	0.0259105019722338
"IMMT_HUMAN"	"HUMAN"	0.309042859032091	0.337040364949731
"IPO5_HUMAN"	"HUMAN"	0.359803433972346	0.339528353018696
"IPO7_HUMAN"	"HUMAN"	0.384180068897029	0.357483696714423
"IPYR_HUMAN"	"HUMAN"	0.0316493289312859	0.388235731705529
"IQGA1_HUMAN"	"HUMAN"	0.0489954634224307	0.052118294016723
"ISG15_HUMAN"	"HUMAN"	0.328543603720732	0.804740616986196
"ITAV_HUMAN"	"HUMAN"	NA	NA
"ITB1_HUMAN"	"HUMAN"	0.0235186322038827	0.236618577382944
"K1C10_HUMAN"	"HUMAN"	0.0125897901210097	NA
"K1C15_HUMAN"	"HUMAN"	0.126661702771561	NA
"K1C17_HUMAN"	"HUMAN"	0.0948093762290658	0.154952364265377
"K1C18_HUMAN"	"HUMAN"	0.127356163271516	0.0171282760908804
"K1C9_HUMAN"	"HUMAN"	0.956654749375889	NA
"K2C1_HUMAN"	"HUMAN"	0.0387141816843887	0.0555573831591063
"K2C7_HUMAN"	"HUMAN"	0.119340161508717	0.443486471509646
"K2C8_HUMAN"	"HUMAN"	0.106388554574719	0.0123166119713816
"K6PL_HUMAN"	"HUMAN"	0.0105859963132635	NA
"K6PP_HUMAN"	"HUMAN"	0.663839071586349	0.0897421862878112
"KAD2_HUMAN"	"HUMAN"	0.0604266823868395	0.243932169885051
"KCRB_HUMAN"	"HUMAN"	0.0739250092291969	0.0592799996215726
"KHDR1_HUMAN"	"HUMAN"	NA	NA
"KINH_HUMAN"	"HUMAN"	NA	NA
"KPYM_HUMAN"	"HUMAN"	0.215676662653659	0.112991789329565
"KYNU_HUMAN"	"HUMAN"	0.443850665290261	0.42487132861534
"L1CAM_HUMAN"	"HUMAN"	0.250244851390676	0.154052249727409
"LAMP1_HUMAN"	"HUMAN"	0.116363176243844	0.40041707192795
"LAMP2_HUMAN"	"HUMAN"	0.0538054663132476	0.0552664093262291
"LANC1_HUMAN"	"HUMAN"	NA	NA
"LAP2B_HUMAN"	"HUMAN"	0.0361632864221223	0.210516904940438
"LAT1_HUMAN"	"HUMAN"	0.325832272970404	0.515116185856307
"LA_HUMAN"	"HUMAN"	0.284348329414596	0.139167214323942
"LC7L2_HUMAN"	"HUMAN"	NA	NA
"LDHA_HUMAN"	"HUMAN"	0.122591663572558	0.0305405677481325
"LDHB_HUMAN"	"HUMAN"	0.130239418224912	0.0594892084745773
"LEG1_HUMAN"	"HUMAN"	0.16382968462387	0.0452353452992285
"LETM1_HUMAN"	"HUMAN"	NA	NA
"LGUL_HUMAN"	"HUMAN"	NA	0.494480281027736
"LMAN2_HUMAN"	"HUMAN"	NA	NA
"LMNA_HUMAN"	"HUMAN"	0.0957992619685033	0.0660004320154964
"LMNB1_HUMAN"	"HUMAN"	0.149688246622849	0.194122023366646
"LMNB2_HUMAN"	"HUMAN"	NA	NA
"LONM_HUMAN"	"HUMAN"	0.258621219903275	0.0990014396979799
"LPPRC_HUMAN"	"HUMAN"	0.0908314601741527	0.197145238689872
"LRC59_HUMAN"	"HUMAN"	0.0772452390566798	0.0957690070851388
"MANF_HUMAN"	"HUMAN"	NA	NA
"MAP4_HUMAN"	"HUMAN"	0.121493386773735	0.0774003425440881
"MARE1_HUMAN"	"HUMAN"	0.406258012875054	NA
"MAT2B_HUMAN"	"HUMAN"	0.398438398231109	0.402349790484447
"MATR3_HUMAN"	"HUMAN"	0.0620497169651364	0.463114455465152
"MBB1A_HUMAN"	"HUMAN"	NA	0.32585801342977
"MCM2_HUMAN"	"HUMAN"	0.116920084004658	0.0533655743481512
"MCM3_HUMAN"	"HUMAN"	0.0926092265508846	0.115867605031856
"MCM4_HUMAN"	"HUMAN"	0.165113403395444	0.12507914366847
"MCM5_HUMAN"	"HUMAN"	0.294677683858926	0.209865489252873
"MCM6_HUMAN"	"HUMAN"	0.0776112794153296	0.0965359141882663
"MCM7_HUMAN"	"HUMAN"	0.175040587331394	0.15460260557925
"MDHC_HUMAN"	"HUMAN"	0.103734068799954	0.0748202510248682
"MDHM_HUMAN"	"HUMAN"	0.0767819802552832	0.050004175283992
"METK2_HUMAN"	"HUMAN"	0.084452517944935	NA
"MIF_HUMAN"	"HUMAN"	0.0511413773898773	0.0429398031261518
"ML12B_HUMAN"	"HUMAN"	NA	0.059245658192915
"MOES_HUMAN"	"HUMAN"	0.140572870805614	0.0775902954199904
"MPCP_HUMAN"	"HUMAN"	0.501008338217547	0.501229771375695
"MPPB_HUMAN"	"HUMAN"	NA	0.0480764479891303
"MTAP_HUMAN"	"HUMAN"	0.237439669366048	NA
"MTCH2_HUMAN"	"HUMAN"	NA	0.12559133227534
"MYH9_HUMAN"	"HUMAN"	0.197069291445468	0.0559293428110304
"MYL6_HUMAN"	"HUMAN"	0.10329589012716	0.0352309054223407
"MYL9_HUMAN"	"HUMAN"	0.0413922696504579	0.0392075424071401
"MYO1C_HUMAN"	"HUMAN"	NA	0.0304465598716822
"MYOF_HUMAN"	"HUMAN"	NA	NA
"NACA_HUMAN"	"HUMAN"	0.386800489627846	0.304594452639876
"NASP_HUMAN"	"HUMAN"	0.247850977846163	0.417891553354623
"NDKB_HUMAN"	"HUMAN"	0.12401451129436	0.0468923133343463
"NDUA4_HUMAN"	"HUMAN"	NA	NA
"NHRF1_HUMAN"	"HUMAN"	0.05805532913897	0.383453415270664
"NIBL1_HUMAN"	"HUMAN"	0.397477336194725	0.063381523686764
"NNTM_HUMAN"	"HUMAN"	0.226289885129997	0.150364696642069
"NOLC1_HUMAN"	"HUMAN"	NA	0.0677845539751175
"NONO_HUMAN"	"HUMAN"	0.354530198339503	0.403914134824823
"NOP2_HUMAN"	"HUMAN"	0.179032608979405	0.084815745770793
"NOP56_HUMAN"	"HUMAN"	NA	NA
"NP1L1_HUMAN"	"HUMAN"	0.528266540082781	0.246611151767817
"NP1L4_HUMAN"	"HUMAN"	NA	NA
"NPM_HUMAN"	"HUMAN"	0.0796540610637972	0.0500493595079554
"NQO1_HUMAN"	"HUMAN"	0.258109711470821	0.0232211811109296
"NSUN2_HUMAN"	"HUMAN"	0.0144085020217582	0.141579364560921
"NUCL_HUMAN"	"HUMAN"	0.0554868821072777	0.0339294828384448
"NUDC_HUMAN"	"HUMAN"	NA	NA
"NUMA1_HUMAN"	"HUMAN"	0.257428784963307	0.0847168277437907
"ODO1_HUMAN"	"HUMAN"	NA	NA
"ODO2_HUMAN"	"HUMAN"	0.0504292721520739	0.433535930674094
"ODPA_HUMAN"	"HUMAN"	0.0474768900078257	0.121456203891318
"ODPB_HUMAN"	"HUMAN"	0.0369093226083148	0.00969718365000688
"OST48_HUMAN"	"HUMAN"	0.190812146832529	0.261172291732826
"OTUB1_HUMAN"	"HUMAN"	NA	NA
"P3H1_HUMAN"	"HUMAN"	0.0577631390404359	0.449293521161631
"P5CS_HUMAN"	"HUMAN"	NA	0.30721735909242
"PA1B2_HUMAN"	"HUMAN"	0.0648944487866131	0.0198470992504909
"PA2G4_HUMAN"	"HUMAN"	0.0763730196949725	0.117639727718846
"PABP3_HUMAN"	"HUMAN"	0.0304886710665231	0.454830151902546
"PABP4_HUMAN"	"HUMAN"	0.214985049082856	0.0778304818771829
"PAIP1_HUMAN"	"HUMAN"	0.101427022258407	NA
"PAIRB_HUMAN"	"HUMAN"	0.189753405169582	0.0120958004924196
"PAP1L_HUMAN"	"HUMAN"	0.105432584960984	0.186316125271114
"PARK7_HUMAN"	"HUMAN"	0.233198959403412	0.212147157240117
"PARP1_HUMAN"	"HUMAN"	0.0657782166296749	0.0333721570402496
"PCAT1_HUMAN"	"HUMAN"	NA	0.14574605132308
"PCBP1_HUMAN"	"HUMAN"	0.0637796824843967	0.190919135315919
"PCBP2_HUMAN"	"HUMAN"	0.0852328147066452	0.0664674744420994
"PCNA_HUMAN"	"HUMAN"	0.321559537736145	0.0667961630472615
"PDC6I_HUMAN"	"HUMAN"	0.268011797552586	0.0913443868627333
"PDCD5_HUMAN"	"HUMAN"	0.0495128818522668	0.375952231126083
"PDCD6_HUMAN"	"HUMAN"	0.431710707764185	0.483999290065097
"PDIA1_HUMAN"	"HUMAN"	0.39460465807199	0.244125435649472
"PDIA3_HUMAN"	"HUMAN"	0.0811647299360328	0.0318214064163026
"PDIA4_HUMAN"	"HUMAN"	0.389386475163993	0.21645549159621
"PDIA6_HUMAN"	"HUMAN"	0.0994474600257984	0.0547759437322842
"PEBP1_HUMAN"	"HUMAN"	0.172164731155567	0.0614346371320688
"PFD2_HUMAN"	"HUMAN"	NA	NA
"PFD3_HUMAN"	"HUMAN"	NA	NA
"PFD5_HUMAN"	"HUMAN"	0.0217960908228346	NA
"PGAM1_HUMAN"	"HUMAN"	0.0322843383979631	0.0985185087078229
"PGAM4_HUMAN"	"HUMAN"	0.0646742277539771	0.0195217842220336
"PGK1_HUMAN"	"HUMAN"	0.0601258659628172	0.0421044748902267
"PGK2_HUMAN"	"HUMAN"	0.118437512848006	0.036173540794666
"PGM1_HUMAN"	"HUMAN"	0.538951954935899	0.0243011543586937
"PHB2_HUMAN"	"HUMAN"	0.0530136744009197	0.0341270738714001
"PHB_HUMAN"	"HUMAN"	0.0762101158646967	0.0513960530210768
"PLAK_HUMAN"	"HUMAN"	0.226000521267382	0.0596780697929562
"PLEC_HUMAN"	"HUMAN"	0.0583042837229131	0.0378685257327466
"PLOD1_HUMAN"	"HUMAN"	0.290632250257152	0.00487390986843571
"PLP2_HUMAN"	"HUMAN"	0.0865812990812758	0.0563113148810832
"PLST_HUMAN"	"HUMAN"	0.128022148295548	0.0328563177499311
"PNPH_HUMAN"	"HUMAN"	NA	NA
"PODXL_HUMAN"	"HUMAN"	NA	NA
"POTEE_HUMAN"	"HUMAN"	0.106210187712111	0.0762409128488096
"POTEJ_HUMAN"	"HUMAN"	0.115654635304985	0.0405785400742893
"PP1G_HUMAN"	"HUMAN"	0.18202544505871	0.22126010476473
"PP2AB_HUMAN"	"HUMAN"	0.255466667222749	NA
"PPAC_HUMAN"	"HUMAN"	NA	NA
"PPIA_HUMAN"	"HUMAN"	0.0889844569997515	0.0496180077985553
"PPIB_HUMAN"	"HUMAN"	0.0890393946385303	0.112000623167019
"PPIC_HUMAN"	"HUMAN"	NA	NA
"PRDX1_HUMAN"	"HUMAN"	0.115679673454932	0.0538261059669258
"PRDX2_HUMAN"	"HUMAN"	0.0995282844265003	0.0237933700773387
"PRDX3_HUMAN"	"HUMAN"	0.535911236466067	NA
"PRDX4_HUMAN"	"HUMAN"	0.093937249770865	0.0549248761131294
"PRDX5_HUMAN"	"HUMAN"	0.147632938069214	0.0219539086818636
"PRDX6_HUMAN"	"HUMAN"	0.0717464620581783	0.0413618457257968
"PRKDC_HUMAN"	"HUMAN"	0.345468904130042	0.142823351191264
"PROF1_HUMAN"	"HUMAN"	0.0770492690397458	0.0569184772283586
"PRP19_HUMAN"	"HUMAN"	0.177391737401717	NA
"PRP8_HUMAN"	"HUMAN"	0.0988970368728547	0.362208712386461
"PRS10_HUMAN"	"HUMAN"	0.245384393444706	0.116257368982858
"PRS4_HUMAN"	"HUMAN"	NA	0.288271393813262
"PRS6A_HUMAN"	"HUMAN"	0.176133299190806	0.137360114638453
"PRS8_HUMAN"	"HUMAN"	0.229932390273801	0.973269954173721
"PSA1_HUMAN"	"HUMAN"	0.186998885998015	0.141770618950011
"PSA2_HUMAN"	"HUMAN"	0.14436747679212	0.309412565913753
"PSA3_HUMAN"	"HUMAN"	0.0632311845969112	NA
"PSA4_HUMAN"	"HUMAN"	0.26481897455038	0.323790026198271
"PSA5_HUMAN"	"HUMAN"	0.227867653228119	0.0702365747333426
"PSA6_HUMAN"	"HUMAN"	0.209566739041459	0.284959397489553
"PSA7_HUMAN"	"HUMAN"	0.400180718937793	0.309994000323094
"PSA_HUMAN"	"HUMAN"	0.680595132390056	0.592141882835002
"PSB3_HUMAN"	"HUMAN"	0.253106596950309	0.28225092905343
"PSB5_HUMAN"	"HUMAN"	0.0333785010118234	0.257803317895306
"PSB6_HUMAN"	"HUMAN"	NA	NA
"PSD11_HUMAN"	"HUMAN"	0.198416745972252	0.1594326293298
"PSIP1_HUMAN"	"HUMAN"	0.0555086789897897	0.247121091473777
"PSMD1_HUMAN"	"HUMAN"	NA	NA
"PSMD2_HUMAN"	"HUMAN"	0.228891643598959	0.283563278364577
"PSMD3_HUMAN"	"HUMAN"	0.224661432061301	0.193558815534991
"PSMD5_HUMAN"	"HUMAN"	0.0140700379037314	0.0465215821246
"PSME2_HUMAN"	"HUMAN"	NA	NA
"PSME3_HUMAN"	"HUMAN"	0.665387628663023	0.557500182313052
"PTBP1_HUMAN"	"HUMAN"	0.174052033567573	0.0383057492842878
"PUR2_HUMAN"	"HUMAN"	0.0994346883367038	0.107485020039717
"PUR4_HUMAN"	"HUMAN"	0.30317414582295	NA
"PUR6_HUMAN"	"HUMAN"	0.0540181100272127	0.112192035328907
"PUR9_HUMAN"	"HUMAN"	0.0560693567095039	0.195617203530606
"PYC_HUMAN"	"HUMAN"	0.231709183222532	0.203582488217084
"PYR1_HUMAN"	"HUMAN"	0.288147843313073	0.710125599113269
"QCR1_HUMAN"	"HUMAN"	0.0975763324725107	0.0465613392473093
"QCR2_HUMAN"	"HUMAN"	0.218126539924754	0.393425734003745
"RAB14_HUMAN"	"HUMAN"	NA	NA
"RAB1C_HUMAN"	"HUMAN"	0.324059541635357	0.0339728218893386
"RAB5C_HUMAN"	"HUMAN"	0.112966247972916	0.178371847308983
"RAB7A_HUMAN"	"HUMAN"	0.0046230195938248	0.317608443233158
"RAB8B_HUMAN"	"HUMAN"	0.178210721171287	0.0852542686101002
"RADI_HUMAN"	"HUMAN"	0.0718792253045008	0.038563410170395
"RANG_HUMAN"	"HUMAN"	0.212668529634866	0.0624454853774644
"RAN_HUMAN"	"HUMAN"	0.127831423451944	0.155220144644906
"RB43L_HUMAN"	"HUMAN"	0.0699887599377316	0.0230869435053944
"RBBP7_HUMAN"	"HUMAN"	0.0411474443431068	0.000936927705061282
"RBM14_HUMAN"	"HUMAN"	0.2967835242114	0.271438540019124
"RBMX_HUMAN"	"HUMAN"	0.168435850081909	NA
"RBP56_HUMAN"	"HUMAN"	0.0965481499166913	0.0257263291661069
"RCC1_HUMAN"	"HUMAN"	0.0334375946597255	0.015617199543761
"RCC2_HUMAN"	"HUMAN"	0.136204044137082	0.172551737964739
"RCN1_HUMAN"	"HUMAN"	NA	0.019960181146861
"RECQ1_HUMAN"	"HUMAN"	NA	0.100386022919245
"RHOC_HUMAN"	"HUMAN"	NA	NA
"RINI_HUMAN"	"HUMAN"	0.223740995931537	0.0415892201922036
"RIR1_HUMAN"	"HUMAN"	NA	NA
"RL10A_HUMAN"	"HUMAN"	0.327656178467724	0.217095214102317
"RL11_HUMAN"	"HUMAN"	NA	0.0607416876469404
"RL12_HUMAN"	"HUMAN"	0.0582226908844092	0.136883478208995
"RL13A_HUMAN"	"HUMAN"	NA	0.0422810683668719
"RL13_HUMAN"	"HUMAN"	0.117205683296886	NA
"RL14_HUMAN"	"HUMAN"	0.058826115521819	0.0411546162146715
"RL15_HUMAN"	"HUMAN"	0.11918188576947	0.431643425592009
"RL17_HUMAN"	"HUMAN"	0.0815839243892288	0.0413518466226464
"RL18A_HUMAN"	"HUMAN"	0.0827553167514936	0.130839314093841
"RL18_HUMAN"	"HUMAN"	0.0950472915172121	0.0678729001268836
"RL1D1_HUMAN"	"HUMAN"	NA	NA
"RL21_HUMAN"	"HUMAN"	0.114266974282006	0.0262329090913205
"RL22_HUMAN"	"HUMAN"	0.0995126576696824	0.0447205376277174
"RL23A_HUMAN"	"HUMAN"	0.0522409653187352	0.0337966696229697
"RL23_HUMAN"	"HUMAN"	0.0814134377311816	0.296581229173298
"RL24_HUMAN"	"HUMAN"	0.226680638663462	0.218120571674685
"RL26_HUMAN"	"HUMAN"	NA	0.0388354058864924
"RL27A_HUMAN"	"HUMAN"	0.0734966478102532	0.0567599562209717
"RL27_HUMAN"	"HUMAN"	0.151414376708243	NA
"RL28_HUMAN"	"HUMAN"	0.233493490477617	0.0588902464707902
"RL30_HUMAN"	"HUMAN"	0.177964540027105	0.167890635208254
"RL31_HUMAN"	"HUMAN"	0.0835236267150443	0.0654326496732501
"RL32_HUMAN"	"HUMAN"	0.267771715061774	0.0625747337360021
"RL35A_HUMAN"	"HUMAN"	0.531738629008521	0.0561640028985965
"RL35_HUMAN"	"HUMAN"	0.126512015576863	NA
"RL36_HUMAN"	"HUMAN"	NA	0.00521998701111307
"RL37A_HUMAN"	"HUMAN"	NA	0.050918386017418
"RL38_HUMAN"	"HUMAN"	0.109409391683847	NA
"RL3_HUMAN"	"HUMAN"	0.220317519373942	0.0496480951904015
"RL4_HUMAN"	"HUMAN"	0.0725410170170921	0.0484724030036043
"RL5_HUMAN"	"HUMAN"	0.0804384927890093	0.0409954936241709
"RL6_HUMAN"	"HUMAN"	0.0721236277681776	0.0246248405018577
"RL7A_HUMAN"	"HUMAN"	0.0847812247009068	0.011993516378063
"RL7_HUMAN"	"HUMAN"	0.0947423412438559	0.0252282724389089
"RL8_HUMAN"	"HUMAN"	0.0912379890241357	0.0623944726764996
"RL9_HUMAN"	"HUMAN"	0.118091755715386	0.0580304684441026
"RLA0_HUMAN"	"HUMAN"	0.0601093000977105	0.0911221826155051
"RLA2_HUMAN"	"HUMAN"	0.0977366605741857	0.0598164041691596
"RMXL1_HUMAN"	"HUMAN"	0.0377602022778796	0.0958634549413554
"RNBP6_HUMAN"	"HUMAN"	0.116336796081241	0.151849226158588
"ROA1_HUMAN"	"HUMAN"	0.0844598116792193	0.0622946140508105
"ROA2_HUMAN"	"HUMAN"	0.119297266015707	0.0380605458265696
"ROA3_HUMAN"	"HUMAN"	0.149676259174825	0.0762422580728701
"ROAA_HUMAN"	"HUMAN"	0.0967007916550081	0.0580051800743193
"RP1BL_HUMAN"	"HUMAN"	NA	0.109693022647216
"RPN1_HUMAN"	"HUMAN"	0.0986020331441165	0.0410043098600109
"RPN2_HUMAN"	"HUMAN"	0.211579503596787	0.19010416633441
"RS10_HUMAN"	"HUMAN"	NA	0.0717171616410492
"RS11_HUMAN"	"HUMAN"	0.116374258860443	0.0575542998462755
"RS12_HUMAN"	"HUMAN"	0.215678968968003	0.246233292716237
"RS13_HUMAN"	"HUMAN"	0.0599891482316618	0.0718893364683384
"RS14_HUMAN"	"HUMAN"	0.123787072997035	0.0405711488348241
"RS16_HUMAN"	"HUMAN"	0.0794916577989261	0.127658481831914
"RS17_HUMAN"	"HUMAN"	0.0415390625965611	0.0173149267739581
"RS18_HUMAN"	"HUMAN"	0.100162173279432	0.0306727310433399
"RS19_HUMAN"	"HUMAN"	0.125801901248345	0.0534933462860754
"RS23_HUMAN"	"HUMAN"	0.062510720919775	0.0531601325733507
"RS24_HUMAN"	"HUMAN"	0.422643642162466	0.432694892601261
"RS25_HUMAN"	"HUMAN"	0.104878531713001	0.0948212082677539
"RS26_HUMAN"	"HUMAN"	0.0375113791177758	0.112766131540851
"RS27_HUMAN"	"HUMAN"	0.0960492876619099	0.077377285771685
"RS28_HUMAN"	"HUMAN"	0.0372356440320063	0.0103975147074999
"RS2_HUMAN"	"HUMAN"	0.0816321713664773	0.0392486168541797
"RS3A_HUMAN"	"HUMAN"	0.0730277638919182	0.114675477354777
"RS3_HUMAN"	"HUMAN"	0.0961879603385099	0.0517380579484416
"RS4X_HUMAN"	"HUMAN"	0.165615388507748	0.18909898466336
"RS4Y2_HUMAN"	"HUMAN"	0.105888331697664	0.0236433978626491
"RS5_HUMAN"	"HUMAN"	0.158934785178134	0.129862324294716
"RS6_HUMAN"	"HUMAN"	0.179689596044243	0.215340435916651
"RS7_HUMAN"	"HUMAN"	0.0810216822002302	0.0338712857936497
"RS8_HUMAN"	"HUMAN"	0.0616579535380683	0.0647478928476506
"RS9_HUMAN"	"HUMAN"	0.251957123777582	0.08254585786997
"RSMN_HUMAN"	"HUMAN"	NA	0.0296021826925114
"RSSA_HUMAN"	"HUMAN"	0.094104536524362	0.0370698363534555
"RTCB_HUMAN"	"HUMAN"	NA	0.0525499116112426
"RU2A_HUMAN"	"HUMAN"	NA	NA
"RUVB1_HUMAN"	"HUMAN"	0.147786829804287	0.0536654590452738
"RUVB2_HUMAN"	"HUMAN"	0.516652523583603	0.143116486304258
"S10A4_HUMAN"	"HUMAN"	NA	0.0752415275278126
"S10A6_HUMAN"	"HUMAN"	0.142856270225687	0.062263239949749
"S10AB_HUMAN"	"HUMAN"	0.0889239113311296	0.299572654258508
"S10AD_HUMAN"	"HUMAN"	NA	NA
"SAHH_HUMAN"	"HUMAN"	0.28123381705451	0.194977172995368
"SAP_HUMAN"	"HUMAN"	0.177684061490468	0.185871872318817
"SC22B_HUMAN"	"HUMAN"	0.107288917422032	0.116578624416149
"SC61B_HUMAN"	"HUMAN"	NA	NA
"SCMC1_HUMAN"	"HUMAN"	NA	NA
"SCOT1_HUMAN"	"HUMAN"	0.18126777514296	0.197186273544492
"SEC13_HUMAN"	"HUMAN"	NA	NA
"SEPT2_HUMAN"	"HUMAN"	NA	NA
"SEPT7_HUMAN"	"HUMAN"	NA	NA
"SEPT9_HUMAN"	"HUMAN"	0.500816707781983	0.0444590782809325
"SERA_HUMAN"	"HUMAN"	0.0534152668452891	0.0312514182434449
"SERC_HUMAN"	"HUMAN"	0.0984943570286899	0.0339346809696201
"SERPH_HUMAN"	"HUMAN"	0.166809884362001	0.0686372029579201
"SET_HUMAN"	"HUMAN"	0.0913287137272901	0.0586803566241444
"SF3A3_HUMAN"	"HUMAN"	0.0460647181598713	0.121476690608287
"SF3B1_HUMAN"	"HUMAN"	0.370973263122761	0.332766986850595
"SF3B2_HUMAN"	"HUMAN"	0.0715954624506328	0.302072713953273
"SF3B3_HUMAN"	"HUMAN"	0.429062397302986	0.382643396623353
"SFPQ_HUMAN"	"HUMAN"	0.139398996130114	0.0468438242738336
"SFXN1_HUMAN"	"HUMAN"	NA	NA
"SKP1_HUMAN"	"HUMAN"	NA	0.00659531389160839
"SMC1A_HUMAN"	"HUMAN"	NA	NA
"SMC3_HUMAN"	"HUMAN"	0.194440917199953	NA
"SMD2_HUMAN"	"HUMAN"	NA	0.0234533267971435
"SND1_HUMAN"	"HUMAN"	0.123142832416147	0.0730308446679755
"SODM_HUMAN"	"HUMAN"	0.480990615210087	0.702952658753593
"SORCN_HUMAN"	"HUMAN"	NA	0.0433407787024685
"SP16H_HUMAN"	"HUMAN"	0.0245979199037392	0.190673538784521
"SPB6_HUMAN"	"HUMAN"	0.531018638163367	NA
"SPEE_HUMAN"	"HUMAN"	0.241422257695763	0.167218843836205
"SPTB2_HUMAN"	"HUMAN"	NA	NA
"SPTN1_HUMAN"	"HUMAN"	0.139112867114653	0.072574258308757
"SRP14_HUMAN"	"HUMAN"	0.158202600647177	0.222975536796328
"SRP68_HUMAN"	"HUMAN"	NA	NA
"SRRM1_HUMAN"	"HUMAN"	NA	NA
"SRRM2_HUMAN"	"HUMAN"	NA	NA
"SRSF1_HUMAN"	"HUMAN"	0.216314471414705	0.160117474829102
"SRSF3_HUMAN"	"HUMAN"	NA	NA
"SRSF9_HUMAN"	"HUMAN"	0.131659485337951	NA
"SSBP_HUMAN"	"HUMAN"	0.161005780657312	0.139024278530503
"SSRA_HUMAN"	"HUMAN"	0.200013542280428	0.0510519224490224
"SSRD_HUMAN"	"HUMAN"	0.453404934192267	0.0293009950540642
"SSRP1_HUMAN"	"HUMAN"	0.292666031200594	0.548833581179686
"ST134_HUMAN"	"HUMAN"	0.355877054290641	0.394007985098883
"STIP1_HUMAN"	"HUMAN"	0.103025261801602	0.0201829857716624
"STML2_HUMAN"	"HUMAN"	0.309273491799987	0.0371921864281305
"STMN1_HUMAN"	"HUMAN"	NA	0.0680192317255043
"STOM_HUMAN"	"HUMAN"	0.0684906451478475	NA
"STRAP_HUMAN"	"HUMAN"	0.176578688410234	0.0289336836107061
"SYAC_HUMAN"	"HUMAN"	0.288799092689805	0.17653790394279
"SYDC_HUMAN"	"HUMAN"	NA	0.0178698654655446
"SYEP_HUMAN"	"HUMAN"	0.105698123016174	0.0523684577939557
"SYFA_HUMAN"	"HUMAN"	NA	NA
"SYFB_HUMAN"	"HUMAN"	0.187005761563251	0.0734090442179839
"SYG_HUMAN"	"HUMAN"	0.235452104530351	0.216488089806668
"SYIC_HUMAN"	"HUMAN"	0.687778895161241	0.377383012700598
"SYLC_HUMAN"	"HUMAN"	0.0229080552600841	0.298847094691645
"SYMC_HUMAN"	"HUMAN"	NA	0.246301404369426
"SYNC_HUMAN"	"HUMAN"	NA	NA
"SYQ_HUMAN"	"HUMAN"	0.0217046298564848	0.508194462539047
"SYRC_HUMAN"	"HUMAN"	0.0354436987322499	0.0750910980547771
"SYTC_HUMAN"	"HUMAN"	0.0788428458727377	0.0506504200503372
"SYUA_HUMAN"	"HUMAN"	0.290835044957609	NA
"SYVC_HUMAN"	"HUMAN"	NA	NA
"SYWC_HUMAN"	"HUMAN"	0.107203920311001	0.0561003056434592
"SYYC_HUMAN"	"HUMAN"	0.596521594541302	0.594394712293686
"TADBP_HUMAN"	"HUMAN"	0.157329346790251	0.160761398680958
"TAGL2_HUMAN"	"HUMAN"	0.0774079698541061	0.0369088547419551
"TALDO_HUMAN"	"HUMAN"	0.13919689058667	0.111314437036809
"TBA1C_HUMAN"	"HUMAN"	0.04812591837078	0.0561196564670231
"TBA3E_HUMAN"	"HUMAN"	0.117307511577869	0.24285427455295
"TBA4A_HUMAN"	"HUMAN"	0.0625925393867171	0.0700022871582982
"TBA8_HUMAN"	"HUMAN"	0.152318109009321	0.126239765182792
"TBAL3_HUMAN"	"HUMAN"	NA	0.0189789134148587
"TBB4B_HUMAN"	"HUMAN"	0.110651031284625	0.101067217410145
"TBB5_HUMAN"	"HUMAN"	0.0753791712927116	0.0423175690401547
"TBB6_HUMAN"	"HUMAN"	0.0307649418760164	0.0758829961765189
"TBB8_HUMAN"	"HUMAN"	0.0863384985920028	0.0610424313758865
"TBCA_HUMAN"	"HUMAN"	0.0973131414006894	0.184947573876201
"TCP4_HUMAN"	"HUMAN"	NA	NA
"TCPA_HUMAN"	"HUMAN"	0.0948056422146631	0.141446823425444
"TCPB_HUMAN"	"HUMAN"	0.187878071598516	0.0817525195122977
"TCPD_HUMAN"	"HUMAN"	0.247202457159215	0.135974628604141
"TCPE_HUMAN"	"HUMAN"	0.107988149145508	0.329607770315391
"TCPG_HUMAN"	"HUMAN"	0.194876126203727	0.0792312453926114
"TCPH_HUMAN"	"HUMAN"	0.143805879635191	0.0415987275735679
"TCPQ_HUMAN"	"HUMAN"	0.0895357403683163	0.0441604629971988
"TCPZ_HUMAN"	"HUMAN"	0.205114618415428	0.722967758986444
"TEBP_HUMAN"	"HUMAN"	NA	0.157658616898679
"TERA_HUMAN"	"HUMAN"	0.0790171904811553	0.0165844423521818
"TFR1_HUMAN"	"HUMAN"	0.054492686152666	0.154279622368314
"THIC_HUMAN"	"HUMAN"	0.0576882448455917	0.30839887558801
"THIL_HUMAN"	"HUMAN"	0.01506019223746	NA
"THIM_HUMAN"	"HUMAN"	0.37615429504049	0.295587684073599
"THIO_HUMAN"	"HUMAN"	0.109365060326694	0.201478055206999
"THOC4_HUMAN"	"HUMAN"	NA	NA
"TIF1B_HUMAN"	"HUMAN"	0.134290516748464	0.144746957725609
"TKT_HUMAN"	"HUMAN"	0.132700082293675	0.037660002844404
"TLN1_HUMAN"	"HUMAN"	0.248632015766476	0.108675594213329
"TMED9_HUMAN"	"HUMAN"	0.193569707787729	NA
"TMM43_HUMAN"	"HUMAN"	NA	NA
"TNPO1_HUMAN"	"HUMAN"	0.410497353185405	0.291261901704567
"TOP2A_HUMAN"	"HUMAN"	NA	0.339636935106678
"TOP2B_HUMAN"	"HUMAN"	NA	0.105991090675997
"TPIS_HUMAN"	"HUMAN"	0.122899561349705	0.0733673925452821
"TPM2_HUMAN"	"HUMAN"	NA	NA
"TPM3L_HUMAN"	"HUMAN"	NA	NA
"TPM3_HUMAN"	"HUMAN"	0.643561133802277	0.199153397493167
"TPM4_HUMAN"	"HUMAN"	0.289864293877226	0.209192531376153
"TRA2B_HUMAN"	"HUMAN"	NA	NA
"TRAP1_HUMAN"	"HUMAN"	0.0706008950617858	0.0585233613799425
"TRI25_HUMAN"	"HUMAN"	NA	NA
"TRXR1_HUMAN"	"HUMAN"	0.294312544803487	0.266177079021117
"TXD12_HUMAN"	"HUMAN"	0.463663651951789	0.0793398146828139
"TXND5_HUMAN"	"HUMAN"	0.493531452858789	0.089310337723633
"TXTP_HUMAN"	"HUMAN"	NA	0.134817602760546
"U2AF2_HUMAN"	"HUMAN"	0.244348119452883	0.216022673955704
"U520_HUMAN"	"HUMAN"	0.544108972218208	0.295580787690758
"U5S1_HUMAN"	"HUMAN"	0.167159601030102	0.0901900174318851
"UBA1_HUMAN"	"HUMAN"	0.0946253252431552	0.0289504703833426
"UBC9_HUMAN"	"HUMAN"	0.0347971391185793	0.00601869111140576
"UBP2L_HUMAN"	"HUMAN"	0.0150335173480815	NA
"UBP5_HUMAN"	"HUMAN"	NA	NA
"UBQL1_HUMAN"	"HUMAN"	NA	NA
"UBQL2_HUMAN"	"HUMAN"	NA	NA
"UE2NL_HUMAN"	"HUMAN"	NA	NA
"UGDH_HUMAN"	"HUMAN"	0.387030620145797	0.499373200983764
"VAT1_HUMAN"	"HUMAN"	0.296880137016247	0.352409018215504
"VATA_HUMAN"	"HUMAN"	NA	0.0112577458159116
"VDAC1_HUMAN"	"HUMAN"	0.0996561393422489	0.0547148918622966
"VDAC2_HUMAN"	"HUMAN"	0.242143727385663	0.248660664025618
"VDAC3_HUMAN"	"HUMAN"	0.0674959480140793	0.02321427474701
"VIME_HUMAN"	"HUMAN"	0.106024882357595	0.0180556484873733
"VINC_HUMAN"	"HUMAN"	0.107650490077538	0.103154140220447
"VPS35_HUMAN"	"HUMAN"	NA	NA
"WDR1_HUMAN"	"HUMAN"	0.148140709053599	NA
"XPO1_HUMAN"	"HUMAN"	0.440057505335501	0.212943576534663
"XPO2_HUMAN"	"HUMAN"	0.133660393766016	0.0987151241117617
"XRCC5_HUMAN"	"HUMAN"	0.0609774048453286	0.0794824548189358
"XRCC6_HUMAN"	"HUMAN"	0.0359286847962114	0.0437831619795387
"YI016_HUMAN"	"HUMAN"	0.081924161826927	0.177677548471131
"ADH1_YEAST/tr"	"YEAST"	0.0784349960580031	0.0452689971369902
"ARO1_YEAS8"	"YEAST"	NA	NA
"C8Z3F1_YEAS8"	"YEAST"	0.123713464527047	0.0625839345762164
"C8Z3F6_YEAS8"	"YEAST"	NA	NA
"C8Z3H3_YEAS8"	"YEAST"	0.085526593235014	0.117199964212654
"C8Z3H5_YEAS8"	"YEAST"	0.0887004119137177	0.0306712936520877
"C8Z3L8_YEAS8"	"YEAST"	0.149506320601213	NA
"C8Z3Q3_YEAS8"	"YEAST"	NA	NA
"C8Z3R8_YEAS8/tr"	"YEAST"	0.0380617020321987	0.0379187793876849
"C8Z3S1_YEAS8"	"YEAST"	0.101231141279237	0.205568202420585
"C8Z3U3_YEAS8"	"YEAST"	0.120691244295846	0.0616761389007967
"C8Z3V2_YEAS8"	"YEAST"	0.130311586458991	0.135230184263621
"C8Z3V8_YEAS8"	"YEAST"	0.112129876812077	0.262499004243496
"C8Z3W6_YEAS8"	"YEAST"	0.168341223031162	0.0916596691088911
"C8Z3W9_YEAS8"	"YEAST"	0.106878812163863	0.00716348939483723
"C8Z404_YEAS8"	"YEAST"	0.119204140561961	NA
"C8Z406_YEAS8"	"YEAST"	0.165866909637832	0.0978314687686244
"C8Z411_YEAS8"	"YEAST"	NA	NA
"C8Z419_YEAS8"	"YEAST"	0.161660924936485	0.078965903147633
"C8Z447_YEAS8"	"YEAST"	0.082798373230702	0.0490815171285061
"C8Z449_YEAS8"	"YEAST"	0.112933897937471	0.000840330538479129
"C8Z476_YEAS8"	"YEAST"	0.0327693462153974	NA
"C8Z489_YEAS8"	"YEAST"	NA	NA
"C8Z499_YEAS8"	"YEAST"	0.0851297984531069	0.0380366239425809
"C8Z4C1_YEAS8/tr"	"YEAST"	0.0974348547623211	0.0280329407986083
"C8Z4E5_YEAS8"	"YEAST"	0.0213159737885085	NA
"C8Z4K3_YEAS8"	"YEAST"	0.369867150072298	0.0273818125515727
"C8Z4P8_YEAS8"	"YEAST"	0.128408513978804	0.0435622683207134
"C8Z4Q5_YEAS8"	"YEAST"	0.386973706774529	NA
"C8Z4U3_YEAS8"	"YEAST"	0.131336806642797	0.131373143098829
"C8Z4U5_YEAS8"	"YEAST"	0.143326273175967	0.448646468500964
"C8Z4V7_YEAS8"	"YEAST"	NA	NA
"C8Z4V9_YEAS8"	"YEAST"	0.173003135634498	0.250165695406193
"C8Z4W0_YEAS8"	"YEAST"	0.162347363444353	NA
"C8Z4W9_YEAS8"	"YEAST"	0.0667885165785775	0.0321671501346586
"C8Z4Y3_YEAS8"	"YEAST"	0.0669754756543578	0.290689036161148
"C8Z516_YEAS8"	"YEAST"	0.215953668786739	NA
"C8Z545_YEAS8"	"YEAST"	0.0681895097116446	NA
"C8Z570_YEAS8"	"YEAST"	0.0975441669917647	NA
"C8Z573_YEAS8"	"YEAST"	NA	NA
"C8Z586_YEAS8"	"YEAST"	NA	NA
"C8Z5D5_YEAS8/tr"	"YEAST"	0.0533730686984113	NA
"C8Z5D7_YEAS8"	"YEAST"	0.0660056728947292	NA
"C8Z5E4_YEAS8"	"YEAST"	0.0843767601705218	0.0369647618599391
"C8Z5H0_YEAS8"	"YEAST"	0.116210741458978	NA
"C8Z5L0_YEAS8"	"YEAST"	0.343713911706875	NA
"C8Z5Q2_YEAS8"	"YEAST"	0.158697794773369	NA
"C8Z5R4_YEAS8"	"YEAST"	0.19141234612044	NA
"C8Z5S9_YEAS8"	"YEAST"	0.0372386457147019	NA
"C8Z5U5_YEAS8"	"YEAST"	0.0860973374474407	NA
"C8Z5U7_YEAS8"	"YEAST"	0.123071592764007	0.31048500538068
"C8Z5U9_YEAS8"	"YEAST"	0.11806750827488	0.0245571259022839
"C8Z5Y0_YEAS8"	"YEAST"	0.112804549811027	0.00977020586288489
"C8Z608_YEAS8"	"YEAST"	0.116273247898737	0.501965670780296
"C8Z630_YEAS8"	"YEAST"	0.104725191836023	0.116027017866959
"C8Z659_YEAS8"	"YEAST"	0.231106562341471	0.0494782003817979
"C8Z693_YEAS8"	"YEAST"	0.0479633469062276	NA
"C8Z6B9_YEAS8"	"YEAST"	0.122919487931578	0.286349645453611
"C8Z6C2_YEAS8"	"YEAST"	NA	NA
"C8Z6D5_YEAS8"	"YEAST"	NA	NA
"C8Z6G5_YEAS8/tr"	"YEAST"	0.0702384945599864	0.161539801758534
"C8Z6H2_YEAS8/tr"	"YEAST"	0.147254409019493	NA
"C8Z6H7_YEAS8"	"YEAST"	0.0850909823396603	0.31208577264169
"C8Z6H8_YEAS8"	"YEAST"	0.0995958790048156	NA
"C8Z6H9_YEAS8"	"YEAST"	0.0805429735269584	NA
"C8Z6M0_YEAS8"	"YEAST"	0.107632418505705	NA
"C8Z6M1_YEAS8"	"YEAST"	0.074339704684302	0.101098032129553
"C8Z6M2_YEAS8/tr"	"YEAST"	0.101803443794686	0.383779180194258
"C8Z6P0_YEAS8"	"YEAST"	NA	0.0477646466389641
"C8Z6T1_YEAS8"	"YEAST"	NA	NA
"C8Z6U7_YEAS8"	"YEAST"	NA	NA
"C8Z6W1_YEAS8"	"YEAST"	0.123506238465513	0.278254464512793
"C8Z727_YEAS8"	"YEAST"	0.0249163199807203	NA
"C8Z746_YEAS8"	"YEAST"	0.216516112984726	0.284305288531883
"C8Z763_YEAS8"	"YEAST"	0.0226262174114524	NA
"C8Z777_YEAS8"	"YEAST"	0.39953548533101	NA
"C8Z778_YEAS8/tr"	"YEAST"	0.129302219393169	NA
"C8Z782_YEAS8"	"YEAST"	0.0850040908777311	0.359517909799029
"C8Z793_YEAS8/tr"	"YEAST"	NA	NA
"C8Z799_YEAS8"	"YEAST"	NA	NA
"C8Z7A8_YEAS8"	"YEAST"	0.174451597032698	NA
"C8Z7C8_YEAS8"	"YEAST"	0.234365531223988	NA
"C8Z7E8_YEAS8/tr"	"YEAST"	0.0882955654412065	NA
"C8Z7F0_YEAS8"	"YEAST"	0.324497781022253	NA
"C8Z7I7_YEAS8"	"YEAST"	0.146697032250688	0.279701088484744
"C8Z7K1_YEAS8"	"YEAST"	0.115909799308881	0.290737956934578
"C8Z7K1_YEAS8/tr"	"YEAST"	0.0622068779603586	NA
"C8Z7K2_YEAS8"	"YEAST"	0.907923875602776	NA
"C8Z7N7_YEAS8"	"YEAST"	0.316019663063731	NA
"C8Z7P3_YEAS8"	"YEAST"	0.0895280892271536	0.0404512064010702
"C8Z7P5_YEAS8"	"YEAST"	0.214905666010791	NA
"C8Z7R1_YEAS8"	"YEAST"	NA	NA
"C8Z7R5_YEAS8"	"YEAST"	0.218865952293268	NA
"C8Z7S0_YEAS8"	"YEAST"	0.100265226635136	0.0281498614820176
"C8Z7W6_YEAS8"	"YEAST"	0.112420397590423	0.183858941378147
"C8Z7X9_YEAS8"	"YEAST"	0.232753061901808	NA
"C8Z7Y9_YEAS8"	"YEAST"	0.518109742749405	NA
"C8Z805_YEAS8"	"YEAST"	0.055647790347759	0.595376360608973
"C8Z813_YEAS8"	"YEAST"	0.340479610719656	NA
"C8Z821_YEAS8"	"YEAST"	NA	NA
"C8Z845_YEAS8/tr"	"YEAST"	0.349756518836592	NA
"C8Z853_YEAS8"	"YEAST"	0.284472839333374	NA
"C8Z894_YEAS8"	"YEAST"	NA	NA
"C8Z8B5_YEAS8"	"YEAST"	0.305351541410153	0.0899551105256078
"C8Z8C7_YEAS8"	"YEAST"	0.121240549974092	0.086288990181429
"C8Z8E3_YEAS8"	"YEAST"	0.259515171914684	NA
"C8Z8E5_YEAS8"	"YEAST"	0.140693968390577	NA
"C8Z8I5_YEAS8/tr"	"YEAST"	NA	NA
"C8Z8L2_YEAS8"	"YEAST"	0.0695948280913477	NA
"C8Z8L6_YEAS8"	"YEAST"	0.132530331576209	NA
"C8Z8N2_YEAS8"	"YEAST"	NA	NA
"C8Z8N5_YEAS8"	"YEAST"	NA	NA
"C8Z8S9_YEAS8"	"YEAST"	0.101258686776519	0.0321592685544594
"C8Z8Y0_YEAS8"	"YEAST"	0.209193137479262	NA
"C8Z917_YEAS8/tr"	"YEAST"	0.0704591321981746	NA
"C8Z949_YEAS8"	"YEAST"	0.303411417636872	NA
"C8Z975_YEAS8"	"YEAST"	0.102548455373051	0.0308450585058821
"C8Z985_YEAS8"	"YEAST"	0.0676399349552757	0.051704360370711
"C8Z985_YEAS8/tr"	"YEAST"	0.110500391695182	0.0432726431891895
"C8Z996_YEAS8"	"YEAST"	0.130418387846195	NA
"C8Z9A2_YEAS8"	"YEAST"	0.0508573780403196	NA
"C8Z9A4_YEAS8"	"YEAST"	0.205286203600312	NA
"C8Z9B0_YEAS8"	"YEAST"	0.179663544638392	NA
"C8Z9C6_YEAS8"	"YEAST"	0.101936094672723	0.117626065971359
"C8Z9D1_YEAS8"	"YEAST"	0.115168584704158	NA
"C8Z9E8_YEAS8"	"YEAST"	NA	NA
"C8Z9H2_YEAS8"	"YEAST"	0.0828197545838151	NA
"C8Z9H5_YEAS8"	"YEAST"	0.197316334440674	0.0557063344725134
"C8Z9H8_YEAS8"	"YEAST"	NA	NA
"C8Z9K2_YEAS8"	"YEAST"	0.0975020754786085	0.287683726373033
"C8Z9P7_YEAS8"	"YEAST"	0.0604844575598728	NA
"C8Z9X5_YEAS8"	"YEAST"	0.0615060077412725	NA
"C8ZA04_YEAS8"	"YEAST"	0.161156277271856	0.0994321123112805
"C8ZA30_YEAS8/tr"	"YEAST"	0.154891248804052	0.0417241021063484
"C8ZA51_YEAS8"	"YEAST"	0.0866983007413347	0.118806941252392
"C8ZA65_YEAS8"	"YEAST"	0.111561098573875	NA
"C8ZA75_YEAS8"	"YEAST"	0.0954812447373978	0.0617889306913764
"C8ZA85_YEAS8"	"YEAST"	NA	NA
"C8ZA86_YEAS8"	"YEAST"	0.203239498465456	NA
"C8ZA87_YEAS8"	"YEAST"	0.314133385319926	NA
"C8ZA88_YEAS8/tr"	"YEAST"	0.18149615415704	NA
"C8ZA93_YEAS8"	"YEAST"	0.175390649943517	NA
"C8ZAF6_YEAS8"	"YEAST"	0.310647708575922	NA
"C8ZAG7_YEAS8"	"YEAST"	0.115769117148668	0.176197453763739
"C8ZAJ3_YEAS8/tr"	"YEAST"	0.0442389641776063	NA
"C8ZAJ5_YEAS8"	"YEAST"	0.213729184706214	NA
"C8ZAK5_YEAS8"	"YEAST"	0.233757018562376	NA
"C8ZAX1_YEAS8"	"YEAST"	NA	NA
"C8ZB20_YEAS8"	"YEAST"	NA	NA
"C8ZB42_YEAS8/tr"	"YEAST"	0.10930080803255	0.281049030745982
"C8ZB52_YEAS8"	"YEAST"	0.0754950376144506	0.0411428310849455
"C8ZB82_YEAS8/tr"	"YEAST"	0.13299008522051	NA
"C8ZB87_YEAS8"	"YEAST"	0.163111997696977	NA
"C8ZBA6_YEAS8"	"YEAST"	NA	NA
"C8ZBG2_YEAS8"	"YEAST"	0.0689918037040866	0.0475495316712689
"C8ZBG4_YEAS8"	"YEAST"	0.0860902059945721	0.208719806309525
"C8ZBH9_YEAS8"	"YEAST"	0.0897330292699019	NA
"C8ZBI7_YEAS8"	"YEAST"	0.109295601008495	0.0420454412050009
"C8ZBM4_YEAS8"	"YEAST"	0.148168093512009	0.0471095207101027
"C8ZBP1_YEAS8"	"YEAST"	0.395201602448499	0.124490556159679
"C8ZBQ1_YEAS8"	"YEAST"	0.910066516958715	0.150268407774397
"C8ZBQ2_YEAS8"	"YEAST"	0.0292047782227684	NA
"C8ZBQ7_YEAS8"	"YEAST"	0.158210935662851	NA
"C8ZBR9_YEAS8"	"YEAST"	0.0903165330512541	0.0298097317268906
"C8ZBS1_YEAS8"	"YEAST"	0.0879737609667337	0.116720140348909
"C8ZBX0_YEAS8"	"YEAST"	0.300510688634869	NA
"C8ZBZ3_YEAS8"	"YEAST"	0.388845276892807	NA
"C8ZC17_YEAS8"	"YEAST"	0.12818350863651	NA
"C8ZC23_YEAS8"	"YEAST"	0.117030501897802	0.0505357963553375
"C8ZC25_YEAS8"	"YEAST"	0.15708589999377	NA
"C8ZC92_YEAS8"	"YEAST"	0.292436709854094	NA
"C8ZCB2_YEAS8"	"YEAST"	0.122219033228886	0.0671294108770799
"C8ZCB6_YEAS8"	"YEAST"	0.317023681052449	NA
"C8ZCD4_YEAS8"	"YEAST"	0.245835933517326	NA
"C8ZCL1_YEAS8"	"YEAST"	0.0504989962903965	NA
"C8ZCM2_YEAS8"	"YEAST"	0.155787781623085	0.0545392206032721
"C8ZCM8_YEAS8"	"YEAST"	NA	NA
"C8ZCS5_YEAS8"	"YEAST"	0.0537946304518669	NA
"C8ZCS9_YEAS8"	"YEAST"	0.0855873285034743	0.0211098450224561
"C8ZCU6_YEAS8"	"YEAST"	0.0137963203580914	0.26014138979727
"C8ZCU8_YEAS8"	"YEAST"	0.034025743043897	0.0525227577830617
"C8ZCU8_YEAS8/tr"	"YEAST"	0.152578304230534	0.0508588820471898
"C8ZCV6_YEAS8"	"YEAST"	0.0689308603869114	0.0402905062424169
"C8ZCZ9_YEAS8"	"YEAST"	NA	NA
"C8ZD01_YEAS8"	"YEAST"	0.118614329504776	0.00923222749967556
"C8ZD16_YEAS8"	"YEAST"	0.0952255963776296	0.0290175538639751
"C8ZD20_YEAS8/tr"	"YEAST"	0.0824182165039474	0.0678304488672959
"C8ZD30_YEAS8"	"YEAST"	NA	NA
"C8ZD32_YEAS8"	"YEAST"	0.0686787962835797	NA
"C8ZD46_YEAS8"	"YEAST"	0.289046553165664	0.0501949859261606
"C8ZD80_YEAS8"	"YEAST"	0.0869485854560785	0.0468687753706249
"C8ZDA3_YEAS8/tr"	"YEAST"	0.103777442339611	0.201387160782646
"C8ZDC1_YEAS8"	"YEAST"	0.0846210024526516	NA
"C8ZDC4_YEAS8"	"YEAST"	0.0960217921211302	NA
"C8ZDE0_YEAS8/tr"	"YEAST"	0.128140516283596	0.0124833552032457
"C8ZDF7_YEAS8"	"YEAST"	NA	NA
"C8ZDH2_YEAS8"	"YEAST"	NA	NA
"C8ZDI0_YEAS8"	"YEAST"	0.210646924499993	NA
"C8ZDL2_YEAS8"	"YEAST"	0.0970052170810194	0.0413545864029075
"C8ZDM2_YEAS8"	"YEAST"	0.0641253720071097	0.0481401693435884
"C8ZDM8_YEAS8/tr"	"YEAST"	0.107895763737227	NA
"C8ZDN4_YEAS8"	"YEAST"	0.0955940158468433	NA
"C8ZDR6_YEAS8"	"YEAST"	0.120921596672162	0.0355090266193978
"C8ZDR7_YEAS8"	"YEAST"	0.288802558414691	0.172508557451505
"C8ZDU4_YEAS8/tr"	"YEAST"	0.0934746443177023	NA
"C8ZDU8_YEAS8"	"YEAST"	0.0775912381361635	0.0430096139658278
"C8ZDW1_YEAS8"	"YEAST"	0.155358170119097	0.0784247651639098
"C8ZDW2_YEAS8"	"YEAST"	0.122885606293098	0.0372844699971228
"C8ZDX7_YEAS8/tr"	"YEAST"	0.0677370012201942	0.117285254998306
"C8ZE00_YEAS8"	"YEAST"	0.0854658099111157	0.0585231797309458
"C8ZE15_YEAS8/tr"	"YEAST"	0.0223443655662933	NA
"C8ZE45_YEAS8"	"YEAST"	0.156214557592001	NA
"C8ZE49_YEAS8"	"YEAST"	NA	NA
"C8ZE55_YEAS8"	"YEAST"	NA	NA
"C8ZE76_YEAS8"	"YEAST"	0.0617059273459869	0.553362473882159
"C8ZE78_YEAS8/tr"	"YEAST"	NA	NA
"C8ZE82_YEAS8"	"YEAST"	NA	NA
"C8ZEB9_YEAS8"	"YEAST"	NA	NA
"C8ZED2_YEAS8/tr"	"YEAST"	0.143971535445202	0.0732788923645887
"C8ZEE2_YEAS8"	"YEAST"	NA	NA
"C8ZEE2_YEAS8/tr"	"YEAST"	0.371854316376297	NA
"C8ZEH6_YEAS8"	"YEAST"	0.0787227013452188	0.114895845666327
"C8ZEI0_YEAS8/tr"	"YEAST"	0.0399026254006927	0.139868546956275
"C8ZEI2_YEAS8"	"YEAST"	0.0344452855422696	NA
"C8ZEJ9_YEAS8"	"YEAST"	0.359847080228376	0.333817230773183
"C8ZEK6_YEAS8"	"YEAST"	NA	NA
"C8ZEL8_YEAS8"	"YEAST"	0.411047063204825	NA
"C8ZET2_YEAS8"	"YEAST"	0.0892837639509921	NA
"C8ZET6_YEAS8"	"YEAST"	NA	NA
"C8ZEW1_YEAS8"	"YEAST"	0.039353331209198	NA
"C8ZEW9_YEAS8"	"YEAST"	0.101041662853925	0.0426966982181861
"C8ZEX5_YEAS8/tr"	"YEAST"	0.192432865723297	0.0479439850250635
"C8ZF50_YEAS8"	"YEAST"	0.110462272874191	NA
"C8ZF50_YEAS8/tr"	"YEAST"	0.108380979214463	0.0578048405719153
"C8ZF58_YEAS8/tr"	"YEAST"	0.141728384804757	0.0413952679058544
"C8ZF68_YEAS8"	"YEAST"	NA	NA
"C8ZF70_YEAS8"	"YEAST"	0.24501350573281	0.304246898187187
"C8ZF81_YEAS8"	"YEAST"	0.240849906578256	NA
"C8ZF90_YEAS8"	"YEAST"	0.23841663890567	NA
"C8ZF93_YEAS8"	"YEAST"	NA	NA
"C8ZFA7_YEAS8"	"YEAST"	0.194895062840776	0.0555269506296719
"C8ZFH7_YEAS8"	"YEAST"	0.182866550739774	NA
"C8ZFI5_YEAS8"	"YEAST"	NA	NA
"C8ZFJ1_YEAS8"	"YEAST"	0.206514484940996	NA
"C8ZFM6_YEAS8"	"YEAST"	0.0480816778880914	0.806234882138402
"C8ZFP3_YEAS8"	"YEAST"	0.567118730715574	NA
"C8ZFS9_YEAS8"	"YEAST"	0.360287043023099	NA
"C8ZFV1_YEAS8"	"YEAST"	NA	NA
"C8ZFZ2_YEAS8"	"YEAST"	0.118384277061044	NA
"C8ZFZ5_YEAS8"	"YEAST"	NA	NA
"C8ZG23_YEAS8/tr"	"YEAST"	0.0764525618886352	0.0390717742814295
"C8ZG41_YEAS8"	"YEAST"	NA	NA
"C8ZG50_YEAS8"	"YEAST"	0.241832445452264	0.0628477007777235
"C8ZG92_YEAS8"	"YEAST"	NA	NA
"C8ZG96_YEAS8"	"YEAST"	NA	NA
"C8ZGB8_YEAS8"	"YEAST"	NA	NA
"C8ZGF9_YEAS8"	"YEAST"	0.133314063250059	NA
"C8ZGG0_YEAS8"	"YEAST"	NA	NA
"C8ZGG1_YEAS8"	"YEAST"	0.0753038145157696	NA
"C8ZGG3_YEAS8/tr"	"YEAST"	NA	NA
"C8ZGH3_YEAS8"	"YEAST"	0.0785357488148113	0.0192067211146274
"C8ZGH6_YEAS8"	"YEAST"	NA	NA
"C8ZGJ2_YEAS8/tr"	"YEAST"	NA	NA
"C8ZGM2_YEAS8"	"YEAST"	0.0489342078308687	0.0298045446802014
"C8ZGP8_YEAS8"	"YEAST"	NA	NA
"C8ZGU4_YEAS8/tr"	"YEAST"	0.114058048325334	0.0496500408001466
"C8ZGU7_YEAS8"	"YEAST"	NA	NA
"C8ZGV7_YEAS8"	"YEAST"	NA	NA
"C8ZGW0_YEAS8"	"YEAST"	0.150206473238421	NA
"C8ZGW0_YEAS8/tr"	"YEAST"	0.103273023369991	NA
"C8ZGY3_YEAS8"	"YEAST"	0.20360043796767	NA
"C8ZH35_YEAS8"	"YEAST"	NA	NA
"C8ZH49_YEAS8"	"YEAST"	0.166900159201018	NA
"C8ZH60_YEAS8"	"YEAST"	0.197266535102998	NA
"C8ZH84_YEAS8"	"YEAST"	0.0810718992499738	NA
"C8ZH87_YEAS8"	"YEAST"	0.191825523413194	NA
"C8ZH98_YEAS8/tr"	"YEAST"	NA	NA
"C8ZHB7_YEAS8"	"YEAST"	0.117209810959602	0.294294940298312
"C8ZHC2_YEAS8"	"YEAST"	0.114186003086717	NA
"C8ZHC3_YEAS8"	"YEAST"	0.0465648402220715	0.825586523228015
"C8ZHC3_YEAS8/tr"	"YEAST"	0.0302763040119204	0.0121139477554027
"C8ZHI9_YEAS8"	"YEAST"	0.106185245534211	0.0576703469859694
"C8ZHJ5_YEAS8/tr"	"YEAST"	0.0600694689253331	NA
"C8ZHQ5_YEAS8"	"YEAST"	0.559225089303366	0.00518284132503243
"C8ZHS4_YEAS8"	"YEAST"	0.122351743570751	0.0353222544290423
"C8ZHS5_YEAS8"	"YEAST"	0.0855682551573808	NA
"C8ZHX0_YEAS8"	"YEAST"	0.180489554509384	NA
"C8ZHY2_YEAS8"	"YEAST"	0.0911878250339296	0.0352939489990088
"C8ZI08_YEAS8"	"YEAST"	0.1356227650033	NA
"C8ZI24_YEAS8"	"YEAST"	0.111085592809149	0.0700384160427046
"C8ZI57_YEAS8"	"YEAST"	0.168745742960963	NA
"C8ZI57_YEAS8/tr"	"YEAST"	0.132420961178908	NA
"C8ZI98_YEAS8"	"YEAST"	0.119538893438814	NA
"C8ZIA4_YEAS8"	"YEAST"	0.446120972685429	0.144542057584972
"C8ZIA8_YEAS8"	"YEAST"	0.109535601539357	NA
"C8ZID9_YEAS8"	"YEAST"	0.616448080904154	0.607453537023828
"C8ZIE8_YEAS8"	"YEAST"	0.183932996514668	0.20681914647465
"C8ZIG2_YEAS8"	"YEAST"	0.340169132708921	NA
"C8ZII1_YEAS8/tr"	"YEAST"	0.211103245802056	0.42113595371273
"C8ZIL8_YEAS8"	"YEAST"	0.652117604609407	NA
"C8ZIM4_YEAS8"	"YEAST"	0.103753018316216	0.559362303279531
"C8ZIN6_YEAS8"	"YEAST"	0.100077806939714	NA
"C8ZIN6_YEAS8/tr"	"YEAST"	0.0892351302963957	0.0551787073407035
"C8ZIP9_YEAS8"	"YEAST"	0.0957875308632651	0.0642593728865151
"C8ZIR9_YEAS8"	"YEAST"	NA	NA
"C8ZIS4_YEAS8"	"YEAST"	0.0686253096784284	0.0494613457275644
"C8ZIU9_YEAS8/tr"	"YEAST"	0.420382000665688	NA
"C8ZIV1_YEAS8/tr"	"YEAST"	0.355565763962019	0.0906334891891183
"C8ZIV2_YEAS8"	"YEAST"	0.0807766551570224	NA
"C8ZIW9_YEAS8"	"YEAST"	0.0769666042767141	0.17814710389003
"C8ZIY1_YEAS8"	"YEAST"	NA	NA
"C8ZIZ2_YEAS8"	"YEAST"	NA	NA
"C8ZIZ3_YEAS8/tr"	"YEAST"	0.0925885177380906	0.0532442737128088
"C8ZJ01_YEAS8"	"YEAST"	0.313532895151427	0.207868716046595
"C8ZJ22_YEAS8"	"YEAST"	0.380606103916929	NA
"C8ZJ57_YEAS8"	"YEAST"	NA	NA
"C8ZJ60_YEAS8"	"YEAST"	NA	NA
"C8ZJ94_YEAS8"	"YEAST"	NA	NA
"C8ZJA5_YEAS8"	"YEAST"	0.10391003508972	0.0358673318351889
"C8ZJC4_YEAS8/tr"	"YEAST"	NA	NA
"C8ZJF4_YEAS8/tr"	"YEAST"	0.0288850350961635	NA
"C8ZJG8_YEAS8"	"YEAST"	0.0418062671489716	NA
"C8ZJL0_YEAS8"	"YEAST"	0.201357794080157	NA
"C8ZJM0_YEAS8"	"YEAST"	0.146079762871071	0.276220202004501
"D3UEC7_YEAS8/tr"	"YEAST"	0.0849404920799487	0.0357725311422311
"D3UED5_YEAS8"	"YEAST"	0.0806640191352363	NA
"D3UEG8_YEAS8"	"YEAST"	0.0374119233351548	NA
"D3UEH9_YEAS8/tr"	"YEAST"	0.131033997361626	NA
"D3UEJ9_YEAS8"	"YEAST"	NA	NA
"D3UEL3_YEAS8"	"YEAST"	0.401213360816119	NA
"D3UEL8_YEAS8"	"YEAST"	0.068482025788923	NA
"D3UEM1_YEAS8"	"YEAST"	0.164604336399788	0.513674725042178
"D3UEP3_YEAS8"	"YEAST"	NA	NA
"D3UER4_YEAS8/tr"	"YEAST"	NA	NA
"D3UES5_YEAS8/tr"	"YEAST"	0.0966127049659689	0.242542081337553
"D3UEU0_YEAS8"	"YEAST"	0.0974959699815287	0.0445156777572711
"D3UEW6_YEAS8"	"YEAST"	0.724432820729458	NA
"D3UF11_YEAS8"	"YEAST"	0.626852256889787	NA
"D3UF79_YEAS8"	"YEAST"	0.417740466447396	NA
"D3UF94_YEAS8"	"YEAST"	0.104878513615062	0.187408595684498
"D3UF94_YEAS8/tr"	"YEAST"	0.664533857319942	NA
"ENO1_YEAST/tr"	"YEAST"	0.114647454777646	0.0752303323972702
"ENO2_YEAST"	"YEAST"	0.0915074419391037	0.0401177801761126
"6PGD_ECOLI"	"ECOLI"	NA	0.0657815249758832
"6PGL_ECOLI"	"ECOLI"	NA	0.373679830497213
"AAT_ECOLI"	"ECOLI"	NA	0.257817909111012
"ACCA_ECOLI"	"ECOLI"	NA	0.14175812367533
"ACCD_ECOLI"	"ECOLI"	NA	NA
"ACEA_ECOLI"	"ECOLI"	0.0976311842630109	0.0516822871856445
"ACKA_ECOLI"	"ECOLI"	0.0107210944241716	0.0589742681616635
"ACON1_ECOLI"	"ECOLI"	0.295905896027123	0.0515562824832299
"ACON2_ECOLI"	"ECOLI"	NA	0.289989525911966
"ACP_ECOLI"	"ECOLI"	0.126984535256291	0.0355293433613662
"ACUI_ECOLI"	"ECOLI"	NA	NA
"ADHE_ECOLI"	"ECOLI"	0.135462193945019	0.0449658076685791
"AGAL_ECOLI"	"ECOLI"	NA	0.613676151555564
"AGP_ECOLI"	"ECOLI"	NA	0.225043285003164
"AHPC_ECOLI"	"ECOLI"	0.428380936004336	0.039305896998161
"AHPF_ECOLI"	"ECOLI"	NA	NA
"AK1H_ECOLI"	"ECOLI"	NA	NA
"ALDA_ECOLI"	"ECOLI"	NA	0.115007605742942
"ALF1_ECOLI"	"ECOLI"	0.788351981748422	0.0624463288393358
"ALF_ECOLI"	"ECOLI"	0.0442947592646631	0.0492258376982258
"ALKH_ECOLI"	"ECOLI"	NA	0.0966901308786155
"AMPA_ECOLI"	"ECOLI"	NA	0.116204386838602
"AMPN_ECOLI"	"ECOLI"	NA	0.36853884392275
"AMPP_ECOLI"	"ECOLI"	NA	NA
"ARCA_ECOLI"	"ECOLI"	NA	0.322436216659867
"AROG_ECOLI"	"ECOLI"	NA	0.0374498863130243
"ASPA_ECOLI"	"ECOLI"	NA	0.169784538524648
"ASPG2_ECOLI"	"ECOLI"	NA	NA
"ATPA_ECOLI"	"ECOLI"	NA	0.106308973231033
"ATPB_ECOLI"	"ECOLI"	1.2771035633372	0.110507335513745
"BAMB_ECOLI"	"ECOLI"	NA	0.345215943812331
"BFR_ECOLI"	"ECOLI"	0.0552748372335941	0.0445669608664117
"BGAL_ECOLI"	"ECOLI"	NA	0.320492313940076
"BGLR_ECOLI"	"ECOLI"	NA	1.25635935963645
"CAPP_ECOLI"	"ECOLI"	NA	0.0889157718051294
"CATE_ECOLI"	"ECOLI"	0.20181423531424	0.11256120159566
"CH10_ECOLI"	"ECOLI"	0.10368444089653	0.0910264668862967
"CH60_ECOLI"	"ECOLI"	0.0964777477443123	0.0728217850332564
"CISY_ECOLI"	"ECOLI"	NA	0.118592957094927
"CLPB_ECOLI"	"ECOLI"	0.0381314862450426	0.122800401148091
"CLPP_ECOLI"	"ECOLI"	NA	NA
"CRP_ECOLI"	"ECOLI"	NA	0.0252332320232303
"CURA_ECOLI"	"ECOLI"	NA	0.0419107977394649
"CYDA_ECOLI"	"ECOLI"	NA	0.18158867620259
"CYSK_ECOLI"	"ECOLI"	NA	0.172682861553887
"DACA_ECOLI"	"ECOLI"	NA	0.0948208841799123
"DACC_ECOLI"	"ECOLI"	NA	NA
"DAPD_ECOLI"	"ECOLI"	NA	0.0713917299250571
"DBHA_ECOLI"	"ECOLI"	NA	0.142854988670844
"DBHB_ECOLI"	"ECOLI"	NA	NA
"DCEA_ECOLI"	"ECOLI"	NA	0.0318354999956465
"DCEB_ECOLI"	"ECOLI"	0.0805369752581614	0.053369178796394
"DEGP_ECOLI"	"ECOLI"	NA	0.0231175753913367
"DEOB_ECOLI"	"ECOLI"	NA	0.0637551132552321
"DEOC_ECOLI"	"ECOLI"	NA	0.0260887792857171
"DEOD_ECOLI"	"ECOLI"	0.298178451158493	0.0691359518186384
"DGAL_ECOLI"	"ECOLI"	NA	0.0884010966139987
"DHAS_ECOLI"	"ECOLI"	NA	0.257517818632922
"DHSA_ECOLI"	"ECOLI"	NA	0.725259767255125
"DKGA_ECOLI"	"ECOLI"	NA	0.319207244588271
"DLDH_ECOLI"	"ECOLI"	NA	0.0643345471854528
"DNAK_ECOLI"	"ECOLI"	0.245563976640243	0.00819729977794863
"DPS_ECOLI"	"ECOLI"	0.128023488957824	0.0352388793177387
"EFG_ECOLI"	"ECOLI"	0.0971247799505222	0.0516783158497099
"EFP_ECOLI"	"ECOLI"	NA	NA
"EFTS_ECOLI"	"ECOLI"	NA	0.064756459812098
"EFTU2_ECOLI"	"ECOLI"	0.0628917193883877	0.0508195915623718
"ELAB_ECOLI"	"ECOLI"	NA	0.04366351638373
"ENO_ECOLI"	"ECOLI"	0.0645595868135346	0.0626274711682404
"FABB_ECOLI"	"ECOLI"	0.101020697518008	0.0430610546031324
"FABD_ECOLI"	"ECOLI"	NA	0.0440922537505709
"FABG_ECOLI"	"ECOLI"	NA	0.0358287561027749
"FABI_ECOLI"	"ECOLI"	0.443835193857894	0.0724301909031762
"FABZ_ECOLI"	"ECOLI"	NA	NA
"FKBA_ECOLI"	"ECOLI"	NA	NA
"FRDA_ECOLI"	"ECOLI"	NA	0.287648064133083
"FTSH_ECOLI"	"ECOLI"	NA	0.169392381843564
"FTSZ_ECOLI"	"ECOLI"	NA	0.397893680779739
"FUMA_ECOLI"	"ECOLI"	NA	0.0521479368498825
"G3P1_ECOLI"	"ECOLI"	0.1116623036992	0.0649076720210087
"G6PI_ECOLI"	"ECOLI"	NA	0.0237395059522818
"GABT_ECOLI"	"ECOLI"	NA	NA
"GADC_ECOLI"	"ECOLI"	NA	0.0876941019863913
"GAL7_ECOLI"	"ECOLI"	0.0748049921143779	0.0670410907787397
"GALU_ECOLI"	"ECOLI"	NA	NA
"GATY_ECOLI"	"ECOLI"	NA	0.392135268510591
"GCSP_ECOLI"	"ECOLI"	NA	0.374423856212025
"GHRB_ECOLI"	"ECOLI"	NA	NA
"GLK_ECOLI"	"ECOLI"	NA	0.00587886328972718
"GLMS_ECOLI"	"ECOLI"	NA	0.123499590499592
"GLPK_ECOLI"	"ECOLI"	NA	0.308282711146417
"GLRX2_ECOLI"	"ECOLI"	NA	0.0235941287538809
"GLTI_ECOLI"	"ECOLI"	NA	0.083093795040226
"GLYA_ECOLI"	"ECOLI"	NA	0.349196511293059
"GMHA_ECOLI"	"ECOLI"	NA	NA
"GPMA_ECOLI"	"ECOLI"	NA	0.03343010943836
"GPMI_ECOLI"	"ECOLI"	NA	0.353914100818191
"GRCA_ECOLI"	"ECOLI"	0.197944798816617	0.0493382597006565
"GRPE_ECOLI"	"ECOLI"	NA	0.304098459126863
"GUAA_ECOLI"	"ECOLI"	NA	NA
"GYRA_ECOLI"	"ECOLI"	NA	NA
"GYRB_ECOLI"	"ECOLI"	NA	NA
"HCHA_ECOLI"	"ECOLI"	0.0857536541247952	0.0298101032516323
"HDEA_ECOLI"	"ECOLI"	0.0671716413864687	0.0671916407298973
"HDEB_ECOLI"	"ECOLI"	NA	0.0728789758357888
"HDHA_ECOLI"	"ECOLI"	NA	0.135838062069219
"HFLK_ECOLI"	"ECOLI"	NA	0.0889470494544342
"HINT_ECOLI"	"ECOLI"	NA	NA
"HLDD_ECOLI"	"ECOLI"	NA	0.0521621496981181
"HNS_ECOLI"	"ECOLI"	0.458385198884683	0.0668382999768072
"HSLU_ECOLI"	"ECOLI"	NA	0.033504265868242
"HTPG_ECOLI"	"ECOLI"	NA	0.0946014155388058
"IDH_ECOLI"	"ECOLI"	NA	0.162329421135639
"IF2_ECOLI"	"ECOLI"	NA	0.0601903016056926
"IF3_ECOLI"	"ECOLI"	NA	0.0153410356971574
"IHFA_ECOLI"	"ECOLI"	NA	NA
"IMDH_ECOLI"	"ECOLI"	NA	0.0714162318273572
"IPYR_ECOLI"	"ECOLI"	NA	0.0597824236879509
"IVY_ECOLI"	"ECOLI"	NA	0.184006650654172
"K1PF_ECOLI"	"ECOLI"	0.0480010494684283	0.0251443268284537
"K6PF1_ECOLI"	"ECOLI"	0.139328337232872	0.0494547759281136
"KAD_ECOLI"	"ECOLI"	NA	0.0280909641239695
"KATG_ECOLI"	"ECOLI"	NA	0.0822053360578369
"KDSD_ECOLI"	"ECOLI"	NA	NA
"KPRS_ECOLI"	"ECOLI"	NA	0.0676821745606748
"KPYK1_ECOLI"	"ECOLI"	0.254570010484042	0.0656356761928032
"KPYK2_ECOLI"	"ECOLI"	NA	0.0877038429291957
"LDCI_ECOLI"	"ECOLI"	NA	0.0516465805060711
"LON_ECOLI"	"ECOLI"	NA	0.262052577270248
"LPP_ECOLI"	"ECOLI"	0.110364960420898	0.0438726959273476
"MALE_ECOLI"	"ECOLI"	NA	0.250167448874454
"MAO1_ECOLI"	"ECOLI"	NA	0.0264160814206972
"MASY_ECOLI"	"ECOLI"	0.336138192914707	0.0596619542665428
"MBHL_ECOLI"	"ECOLI"	NA	0.406733943101402
"MDH_ECOLI"	"ECOLI"	0.467564292583677	0.0440774469757752
"MDTE_ECOLI"	"ECOLI"	NA	0.239394792822726
"MREB_ECOLI"	"ECOLI"	NA	0.100643618928699
"MSCS_ECOLI"	"ECOLI"	NA	NA
"MTNN_ECOLI"	"ECOLI"	NA	NA
"NADE_ECOLI"	"ECOLI"	NA	0.00789719983254249
"NAGB_ECOLI"	"ECOLI"	NA	NA
"NQOR_ECOLI"	"ECOLI"	0.0977768409736851	0.066703541971489
"NUOCD_ECOLI"	"ECOLI"	NA	0.0655212654907587
"NUSG_ECOLI"	"ECOLI"	NA	0.38269995419129
"OBG_ECOLI"	"ECOLI"	NA	NA
"ODP1_ECOLI"	"ECOLI"	0.866971517535903	0.044037008091053
"ODP2_ECOLI"	"ECOLI"	NA	0.0283731551077976
"OMPA_ECOLI"	"ECOLI"	0.225358916958679	0.0567420863376552
"OMPT_ECOLI"	"ECOLI"	NA	0.0468592771111325
"OMPW_ECOLI"	"ECOLI"	NA	NA
"OPDA_ECOLI"	"ECOLI"	NA	NA
"OSMC_ECOLI"	"ECOLI"	NA	0.0575676236507625
"OSME_ECOLI"	"ECOLI"	NA	0.0568506930471778
"OSMY_ECOLI"	"ECOLI"	NA	0.0634254218234053
"OTSA_ECOLI"	"ECOLI"	NA	NA
"PANB_ECOLI"	"ECOLI"	NA	0.136029632247249
"PCKA_ECOLI"	"ECOLI"	NA	0.0681685797206175
"PEPB_ECOLI"	"ECOLI"	NA	0.0805995943032798
"PEPD_ECOLI"	"ECOLI"	NA	0.543157084427967
"PEPQ_ECOLI"	"ECOLI"	NA	0.0546514982451431
"PFLB_ECOLI"	"ECOLI"	0.0909119388181592	0.062317512039289
"PGK_ECOLI"	"ECOLI"	0.187025462998664	0.134438894059158
"PHOL_ECOLI"	"ECOLI"	NA	0.023887966189334
"PLSB_ECOLI"	"ECOLI"	NA	NA
"PMBA_ECOLI"	"ECOLI"	NA	NA
"PNP_ECOLI"	"ECOLI"	NA	0.623116544252005
"POXB_ECOLI"	"ECOLI"	NA	0.18838483590878
"PPIB_ECOLI"	"ECOLI"	NA	0.328931627105237
"PT1_ECOLI"	"ECOLI"	0.633914810202571	0.15568022128695
"PTA_ECOLI"	"ECOLI"	NA	0.231428401538925
"PTFBC_ECOLI"	"ECOLI"	0.256484628314184	0.130475115699786
"PTGA_ECOLI"	"ECOLI"	NA	0.00446981478863447
"PTM3C_ECOLI"	"ECOLI"	NA	0.0744718225035353
"PTNAB_ECOLI"	"ECOLI"	NA	0.061316681608926
"PTND_ECOLI"	"ECOLI"	NA	0.0240372553691434
"PURA_ECOLI"	"ECOLI"	1.03355869383487	0.0722760255910455
"PYRG_ECOLI"	"ECOLI"	NA	NA
"QOR1_ECOLI"	"ECOLI"	NA	NA
"RAIA_ECOLI"	"ECOLI"	NA	NA
"RBFA_ECOLI"	"ECOLI"	NA	0.0245671528073547
"RBSB_ECOLI"	"ECOLI"	0.0895887032482641	0.0555483007056146
"RBSD_ECOLI"	"ECOLI"	NA	0.0635111673302845
"RECA_ECOLI"	"ECOLI"	NA	0.675042852536273
"RF2_ECOLI"	"ECOLI"	NA	NA
"RHO_ECOLI"	"ECOLI"	NA	0.45187875433464
"RIDA_ECOLI"	"ECOLI"	NA	0.0529334613030792
"RIHA_ECOLI"	"ECOLI"	NA	NA
"RISB_ECOLI"	"ECOLI"	NA	0.297855811012834
"RL10_ECOLI"	"ECOLI"	0.0444832927559847	0.0976382400451032
"RL11_ECOLI"	"ECOLI"	0.201593282202678	0.0338936040732774
"RL13_ECOLI"	"ECOLI"	NA	0.108729542401061
"RL14_ECOLI"	"ECOLI"	NA	0.0306091764351568
"RL15_ECOLI"	"ECOLI"	NA	0.0641730177044965
"RL16_ECOLI"	"ECOLI"	NA	NA
"RL17_ECOLI"	"ECOLI"	NA	0.149509971998407
"RL18_ECOLI"	"ECOLI"	0.0573841467177798	0.0521634888571812
"RL19_ECOLI"	"ECOLI"	NA	0.0594755374140751
"RL1_ECOLI"	"ECOLI"	0.0979032640559254	0.32674122787685
"RL20_ECOLI"	"ECOLI"	NA	0.0636045120229047
"RL21_ECOLI"	"ECOLI"	0.166412368082495	0.0721457368838798
"RL22_ECOLI"	"ECOLI"	NA	0.435504278498128
"RL24_ECOLI"	"ECOLI"	NA	0.0515895427607137
"RL29_ECOLI"	"ECOLI"	NA	0.215128641597429
"RL2_ECOLI"	"ECOLI"	NA	0.0470946651905832
"RL30_ECOLI"	"ECOLI"	NA	0.0116611059035078
"RL31_ECOLI"	"ECOLI"	NA	0.129286450371831
"RL32_ECOLI"	"ECOLI"	NA	0.0837798535033561
"RL3_ECOLI"	"ECOLI"	NA	0.0263770308240768
"RL4_ECOLI"	"ECOLI"	0.158102747687283	0.00800008047050379
"RL5_ECOLI"	"ECOLI"	0.251248061994236	0.153036387045698
"RL6_ECOLI"	"ECOLI"	0.191813545290112	0.0402359043330733
"RL7_ECOLI"	"ECOLI"	NA	0.0135662056864917
"RL9_ECOLI"	"ECOLI"	0.203746045030105	0.0816067604446253
"RMF_ECOLI"	"ECOLI"	NA	0.0712876799444691
"RPIA_ECOLI"	"ECOLI"	NA	NA
"RPOA_ECOLI"	"ECOLI"	0.478840944042578	0.0687242228257828
"RPOB_ECOLI"	"ECOLI"	0.123145868292026	0.122077861217062
"RPOC_ECOLI"	"ECOLI"	0.55567896832575	0.0443966547728417
"RRF_ECOLI"	"ECOLI"	NA	NA
"RS10_ECOLI"	"ECOLI"	NA	0.275927758741255
"RS11_ECOLI"	"ECOLI"	NA	0.122937050051892
"RS12_ECOLI"	"ECOLI"	NA	0.280858385242762
"RS13_ECOLI"	"ECOLI"	NA	0.00873938756122688
"RS16_ECOLI"	"ECOLI"	NA	0.817025911305375
"RS19_ECOLI"	"ECOLI"	NA	NA
"RS1_ECOLI"	"ECOLI"	0.109503303737825	0.337445312149162
"RS20_ECOLI"	"ECOLI"	NA	0.0327123099491787
"RS21_ECOLI"	"ECOLI"	NA	0.0832264798919716
"RS2_ECOLI"	"ECOLI"	NA	0.0412155433923617
"RS3_ECOLI"	"ECOLI"	NA	0.0206619400353498
"RS4_ECOLI"	"ECOLI"	0.152456854974486	0.0341552137940315
"RS5_ECOLI"	"ECOLI"	0.0826089478450459	0.0439773391643108
"RS6_ECOLI"	"ECOLI"	0.0207416171254809	0.348896450816059
"RS7_ECOLI"	"ECOLI"	NA	0.12985433037719
"RS8_ECOLI"	"ECOLI"	NA	0.105299992386638
"RS9_ECOLI"	"ECOLI"	NA	0.059619219514267
"SECA_ECOLI"	"ECOLI"	NA	NA
"SKP_ECOLI"	"ECOLI"	NA	NA
"SLP_ECOLI"	"ECOLI"	0.105630603864336	0.0770768790438912
"SLYB_ECOLI"	"ECOLI"	NA	0.0697272074723749
"SODF_ECOLI"	"ECOLI"	NA	0.0664187112123435
"SPEB_ECOLI"	"ECOLI"	NA	0.275970083163294
"SRA_ECOLI"	"ECOLI"	NA	0.0367920472789691
"SSPA_ECOLI"	"ECOLI"	NA	0.309359402337719
"SUCC_ECOLI"	"ECOLI"	NA	0.044324395700534
"SUCD_ECOLI"	"ECOLI"	NA	0.276221189485962
"SYA_ECOLI"	"ECOLI"	NA	0.276935206780998
"SYD_ECOLI"	"ECOLI"	NA	0.101278386195701
"SYFB_ECOLI"	"ECOLI"	NA	0.0216516542181662
"SYGA_ECOLI"	"ECOLI"	NA	0.000352639231301327
"SYGB_ECOLI"	"ECOLI"	NA	0.39037945037307
"SYH_ECOLI"	"ECOLI"	NA	NA
"SYI_ECOLI"	"ECOLI"	NA	NA
"SYK2_ECOLI"	"ECOLI"	0.150472572856926	0.0242323723591724
"SYL_ECOLI"	"ECOLI"	NA	0.41852244839803
"SYN_ECOLI"	"ECOLI"	NA	0.251144044113821
"SYP_ECOLI"	"ECOLI"	NA	0.0808231246010285
"SYS_ECOLI"	"ECOLI"	NA	0.298808522109575
"SYV_ECOLI"	"ECOLI"	NA	0.385324902587674
"SYY_ECOLI"	"ECOLI"	NA	0.0366916023469844
"TALA_ECOLI"	"ECOLI"	0.238972346173332	0.0430752877008208
"TALB_ECOLI"	"ECOLI"	0.198022295467109	0.0336246810805699
"TDCE_ECOLI"	"ECOLI"	NA	0.0695360991064376
"THIO_ECOLI"	"ECOLI"	NA	0.0336810483401078
"THRC_ECOLI"	"ECOLI"	NA	0.0318486873569526
"TIG_ECOLI"	"ECOLI"	1.11640279153271	0.195326945227648
"TKT1_ECOLI"	"ECOLI"	NA	0.0295564491707974
"TKT2_ECOLI"	"ECOLI"	0.538121091587072	0.324533806962268
"TNAA_ECOLI"	"ECOLI"	0.0753161663587947	0.0814962216984572
"TOLB_ECOLI"	"ECOLI"	NA	0.544625570637082
"TOLC_ECOLI"	"ECOLI"	NA	NA
"TPIS_ECOLI"	"ECOLI"	0.29747625800146	0.0590573268686291
"TPX_ECOLI"	"ECOLI"	0.148276196273786	0.059445616218847
"TREC_ECOLI"	"ECOLI"	NA	NA
"TYPA_ECOLI"	"ECOLI"	NA	0.066435014537356
"UDP_ECOLI"	"ECOLI"	0.276100272004662	0.274518491115392
"UPP_ECOLI"	"ECOLI"	NA	0.0880281085158082
"USPG_ECOLI"	"ECOLI"	NA	0.276747682078728
"YAGE_ECOLI"	"ECOLI"	0.417494298991577	0.101626070564469
"YAGE_ECOLI/reverse_sp"	"ECOLI"	NA	NA
"YAGF_ECOLI"	"ECOLI"	NA	0.0617328847229203
"YAJC_ECOLI"	"ECOLI"	NA	0.0578044636961008
"YAJQ_ECOLI"	"ECOLI"	NA	0.0669937312000743
"YBAY_ECOLI"	"ECOLI"	NA	0.0477925297784336
"YBBN_ECOLI"	"ECOLI"	NA	NA
"YBEL_ECOLI"	"ECOLI"	NA	NA
"YCAC_ECOLI"	"ECOLI"	NA	0.691002228883399
"YDFG_ECOLI"	"ECOLI"	NA	0.0434897930512299
"YDFZ_ECOLI"	"ECOLI"	NA	NA
"YDJA_ECOLI"	"ECOLI"	NA	NA
"YEAD_ECOLI"	"ECOLI"	NA	0.291036620617874
"YEAY_ECOLI"	"ECOLI"	NA	NA
"YEGP_ECOLI"	"ECOLI"	0.0999334313478318	0.264240039734379
"YFBU_ECOLI"	"ECOLI"	NA	0.481682776873369
"YFCZ_ECOLI"	"ECOLI"	NA	0.0225217584423005
"YGAU_ECOLI"	"ECOLI"	0.13111930701145	0.0380618057099447
"YGFZ_ECOLI"	"ECOLI"	NA	NA
"YGHA_ECOLI"	"ECOLI"	NA	0.567999163458233
"YGIW_ECOLI"	"ECOLI"	NA	0.288135773870512
"YHHA_ECOLI"	"ECOLI"	NA	0.013366311366484
"YIEF_ECOLI"	"ECOLI"	NA	NA
"YJBJ_ECOLI"	"ECOLI"	NA	0.0812170383326035
"YJGB_ECOLI"	"ECOLI"	NA	0.203918093331192
"YJJK_ECOLI"	"ECOLI"	NA	0.185710742435212
"YQHD_ECOLI"	"ECOLI"	NA	NA
"YQJD_ECOLI"	"ECOLI"	NA	NA
"YTFQ_ECOLI"	"ECOLI"	NA	0.0699352037418398
