"proteinID"	"specie"	"A1"	"A2"	"A3"	"B1"	"B2"	"B3"
"1433B_HUMAN"	"HUMAN"	3662496	4023246	4331083	3754209	5051071	4819718
"1433E_HUMAN"	"HUMAN"	9113999	10597423	10847856	9626551	10248674	10109759
"1433G_HUMAN"	"HUMAN"	2721378	3086017	3383519	2550669	NA	2970838
"1433S_HUMAN"	"HUMAN"	33758027	39846481	43356938	34216540	35779773	35945777
"1433T_HUMAN"	"HUMAN"	5448043	6420098	6472522	4314738	4693235	5993504
"1433Z_HUMAN"	"HUMAN"	16131248	19524204	9719482	16755847	17920319	10482605
"1A68_HUMAN"	"HUMAN"	2097113	2484435	2545072	2296324	2428689	2549519
"1B82_HUMAN"	"HUMAN"	1299177	1419804	NA	1283547	NA	NA
"1C03_HUMAN"	"HUMAN"	NA	NA	NA	1973976	1950094	2312271
"1C18_HUMAN"	"HUMAN"	2091520	NA	NA	NA	2625730	NA
"2AAA_HUMAN"	"HUMAN"	2336358	2215868	NA	2159270	1920699	746411
"2AAB_HUMAN"	"HUMAN"	NA	1684051	NA	NA	1852355	2374806
"3HIDH_HUMAN"	"HUMAN"	NA	NA	NA	1129418	NA	NA
"4F2_HUMAN"	"HUMAN"	18588942	19426344	21037128	17316502	18811435	19512739
"6PGD_ECOLI"	"ECOLI"	NA	NA	NA	5132162	5665388	5829492
"6PGD_HUMAN"	"HUMAN"	6733236	8214526	8470583	5413538	5619106	7198693
"6PGL_ECOLI"	"ECOLI"	NA	NA	240925	2125761	3428674	4673530
"AAAT_HUMAN"	"HUMAN"	1639379	NA	1575788	1798549	NA	1705442
"AATM_HUMAN"	"HUMAN"	7063185	8418465	8491348	6108816	6959242	7583621
"AAT_ECOLI"	"ECOLI"	NA	NA	NA	2829583	1952137	3329007
"ABCF1_HUMAN"	"HUMAN"	NA	NA	NA	NA	NA	608595
"ACACA_HUMAN"	"HUMAN"	NA	NA	964920	1117700	NA	NA
"ACADM_HUMAN"	"HUMAN"	NA	NA	993604	609092	1060629	574768
"ACADV_HUMAN"	"HUMAN"	2457365	3105541	3687476	2937708	3619537	4002264
"ACCA_ECOLI"	"ECOLI"	NA	NA	NA	909047	743408	NA
"ACCD_ECOLI"	"ECOLI"	NA	NA	NA	NA	NA	713684
"ACEA_ECOLI"	"ECOLI"	17153628	19944891	20736569	71222724	77531959	78387537
"ACKA_ECOLI"	"ECOLI"	NA	647609	657503	4584118	4887968	5159047
"ACLY_HUMAN"	"HUMAN"	5809603	6787401	7479263	5447489	6728675	6457902
"ACO13_HUMAN"	"HUMAN"	790473	NA	NA	NA	NA	NA
"ACOC_HUMAN"	"HUMAN"	713408	873590	771142	NA	744631	595509
"ACON1_ECOLI"	"ECOLI"	912304	570025	557820	4964595	4736571	5249388
"ACON2_ECOLI"	"ECOLI"	NA	NA	NA	1418128	2334176	2579279
"ACON_HUMAN"	"HUMAN"	1709046	1758198	1939481	1778630	1835490	1440290
"ACPH_HUMAN"	"HUMAN"	NA	NA	937471	NA	NA	NA
"ACP_ECOLI"	"ECOLI"	5355829	6412529	NA	18968514	20363142	19610150
"ACSL3_HUMAN"	"HUMAN"	1208146	1984588	1490276	1162415	1923289	1421619
"ACSL4_HUMAN"	"HUMAN"	646595	720417	NA	NA	NA	NA
"ACTG_HUMAN"	"HUMAN"	167909134	187965918	197812626	167426026	178482159	185066091
"ACTN1_HUMAN"	"HUMAN"	402636	NA	1676413	NA	NA	1714606
"ACTN4_HUMAN"	"HUMAN"	11751159	12759713	12978844	12741931	12550264	13486532
"ACTS_HUMAN"	"HUMAN"	128028858	147866288	155112010	131881667	140183115	143263373
"ACUI_ECOLI"	"ECOLI"	NA	NA	NA	817185	NA	NA
"ADH1_YEAST/tr"	"YEAST"	105084940	121735716	108632772	52312077	56860536	56376521
"ADHE_ECOLI"	"ECOLI"	7758351	10067261	9713095	29596773	32045250	32010558
"ADRM1_HUMAN"	"HUMAN"	NA	NA	NA	NA	1803009	1979258
"ADT2_HUMAN"	"HUMAN"	13582846	15218111	15532007	14080805	15032226	15550810
"ADT3_HUMAN"	"HUMAN"	34111675	39546258	40605459	34924199	38488217	39181791
"AGAL_ECOLI"	"ECOLI"	NA	NA	NA	1810147	2514807	5639971
"AGP_ECOLI"	"ECOLI"	NA	NA	NA	1534662	1587196	2258512
"AHNK_HUMAN"	"HUMAN"	8549973	10095714	10474469	8468006	9503111	8874499
"AHPC_ECOLI"	"ECOLI"	6620999	15340142	16945054	56795525	61179103	60391655
"AHPF_ECOLI"	"ECOLI"	NA	NA	NA	1576053	NA	NA
"AHSA1_HUMAN"	"HUMAN"	NA	1640556	845387	1401269	888858	1231327
"AIFM1_HUMAN"	"HUMAN"	1517400	1629701	1596863	827095	1108921	2544473
"AIMP2_HUMAN"	"HUMAN"	753118	837089	887231	789239	776940	NA
"AK1A1_HUMAN"	"HUMAN"	2415589	2306832	2535311	NA	2456617	2496912
"AK1C2_HUMAN"	"HUMAN"	3306916	3517249	3651228	746468	3665022	3732876
"AK1C3_HUMAN"	"HUMAN"	3599104	2075110	NA	1907853	1843121	1972482
"AK1C4_HUMAN"	"HUMAN"	9542578	10629455	13871111	12457914	9596021	9944048
"AK1H_ECOLI"	"ECOLI"	NA	NA	NA	615911	NA	NA
"AL3A2_HUMAN"	"HUMAN"	NA	NA	NA	1023323	1077033	1245080
"AL7A1_HUMAN"	"HUMAN"	2115633	2572906	2776355	2228070	2883409	2751080
"ALBU_HUMAN"	"HUMAN"	10414384	12379365	12434260	5892892	6058408	6021472
"ALDA_ECOLI"	"ECOLI"	NA	NA	NA	2833876	2802622	3418916
"ALDH2_HUMAN"	"HUMAN"	NA	898577	NA	NA	772890	NA
"ALDOA_HUMAN"	"HUMAN"	19308393	22860261	23214003	19976371	20670526	21063038
"ALDOC_HUMAN"	"HUMAN"	2718276	3366920	3376363	2386004	3149758	2456933
"ALDR_HUMAN"	"HUMAN"	5111029	5910284	7771055	5361732	5804672	5696637
"ALF1_ECOLI"	"ECOLI"	478641	7765946	6942143	11994490	13505146	13238770
"ALF_ECOLI"	"ECOLI"	8850065	9659444	9387655	42053608	42092698	45765153
"ALKH_ECOLI"	"ECOLI"	NA	NA	NA	4556144	5333215	5476585
"AMPA_ECOLI"	"ECOLI"	NA	NA	NA	964816	1029226	1204217
"AMPB_HUMAN"	"HUMAN"	NA	NA	586462	NA	NA	NA
"AMPN_ECOLI"	"ECOLI"	NA	NA	NA	1896527	1450739	864817
"AMPP_ECOLI"	"ECOLI"	NA	NA	NA	NA	NA	745547
"AN32A_HUMAN"	"HUMAN"	2047293	2460048	2730114	2346734	NA	NA
"AN32B_HUMAN"	"HUMAN"	7105667	7579646	4224070	8981983	3827755	3573226
"AN32E_HUMAN"	"HUMAN"	NA	1523553	1733569	NA	1747373	1627874
"ANM1_HUMAN"	"HUMAN"	962653	1052960	936306	NA	884532	498167
"ANX11_HUMAN"	"HUMAN"	NA	1204567	1247524	NA	NA	NA
"ANXA1_HUMAN"	"HUMAN"	9799163	11189787	11358657	10411420	11197706	11998642
"ANXA2_HUMAN"	"HUMAN"	13721950	14533692	16842031	14228632	14306987	17430955
"ANXA3_HUMAN"	"HUMAN"	NA	1386654	NA	1348385	NA	NA
"ANXA5_HUMAN"	"HUMAN"	9441438	10828173	10136482	13567602	10144862	11059036
"AP2A2_HUMAN"	"HUMAN"	NA	NA	723510	NA	NA	NA
"APEX1_HUMAN"	"HUMAN"	3336572	3183181	2326589	2892729	2771152	2282784
"ARCA_ECOLI"	"ECOLI"	NA	NA	NA	1541314	2643482	1595572
"ARF3_HUMAN"	"HUMAN"	NA	2117389	1993720	NA	NA	NA
"ARF4_HUMAN"	"HUMAN"	1190349	NA	3152476	1399271	1826064	3540329
"ARF5_HUMAN"	"HUMAN"	8466032	10731361	10764133	10324211	11779232	11371986
"ARO1_YEAS8"	"YEAST"	NA	NA	2379563	NA	NA	NA
"AROG_ECOLI"	"ECOLI"	NA	NA	NA	524146	552661	NA
"ARP2_HUMAN"	"HUMAN"	NA	491268	NA	NA	NA	1733295
"ARP3_HUMAN"	"HUMAN"	1654906	1772213	935641	1575380	1248854	NA
"ASNS_HUMAN"	"HUMAN"	1734547	1840271	NA	2339298	3215612	3229249
"ASPA_ECOLI"	"ECOLI"	NA	NA	NA	2933298	2151585	2289095
"ASPG2_ECOLI"	"ECOLI"	NA	NA	NA	1040001	NA	NA
"ASPH_HUMAN"	"HUMAN"	NA	NA	1741929	1524199	NA	NA
"ASSY_HUMAN"	"HUMAN"	3900075	4509482	4777842	3989979	3599195	4302130
"AT1A1_HUMAN"	"HUMAN"	1451839	1660906	1689476	983256	1614346	1631831
"AT1A3_HUMAN"	"HUMAN"	NA	1814657	2027863	NA	NA	NA
"AT1A4_HUMAN"	"HUMAN"	2189217	NA	NA	NA	NA	2574697
"AT2A2_HUMAN"	"HUMAN"	800009	907654	1154864	NA	NA	NA
"AT2A3_HUMAN"	"HUMAN"	532014	631283	NA	547034	827644	602291
"ATD3B_HUMAN"	"HUMAN"	1118747	NA	NA	NA	1242252	1353901
"ATD3C_HUMAN"	"HUMAN"	NA	NA	2244866	NA	NA	NA
"ATIF1_HUMAN"	"HUMAN"	NA	408961	NA	NA	360350	396320
"ATLA3_HUMAN"	"HUMAN"	NA	NA	NA	443334	NA	NA
"ATP5H_HUMAN"	"HUMAN"	NA	1840483	1915769	NA	NA	NA
"ATP5L_HUMAN"	"HUMAN"	NA	2976841	NA	NA	NA	NA
"ATPA_ECOLI"	"ECOLI"	NA	967771	NA	7388862	6754387	8337298
"ATPA_HUMAN"	"HUMAN"	24273889	28797917	31337469	25385750	27519379	28442496
"ATPB_ECOLI"	"ECOLI"	505192	6848129	958723	10292274	9354900	8240309
"ATPB_HUMAN"	"HUMAN"	22556604	26437346	27677463	21138686	21992159	26257629
"ATPG_HUMAN"	"HUMAN"	3510519	NA	NA	NA	NA	NA
"ATPK_HUMAN"	"HUMAN"	3644477	3996994	NA	3831637	NA	NA
"ATPO_HUMAN"	"HUMAN"	3315239	6366086	4760532	5740154	6245313	2851385
"AXA2L_HUMAN"	"HUMAN"	18330613	20769827	21052151	19715972	20518756	20365893
"B4GT1_HUMAN"	"HUMAN"	NA	NA	NA	NA	1407977	NA
"BAMB_ECOLI"	"ECOLI"	NA	NA	NA	337983	163535	306602
"BAP31_HUMAN"	"HUMAN"	NA	2540926	NA	NA	NA	NA
"BASI_HUMAN"	"HUMAN"	8573427	10375896	10954957	9183518	9532530	9866578
"BASP1_HUMAN"	"HUMAN"	11655318	13184756	13981079	13167664	13654578	13977852
"BCLF1_HUMAN"	"HUMAN"	NA	NA	NA	NA	NA	572427
"BFR_ECOLI"	"ECOLI"	4317877	4550761	4821888	17670940	16259758	17471024
"BGAL_ECOLI"	"ECOLI"	NA	NA	NA	1493690	1338412	2369003
"BGLR_ECOLI"	"ECOLI"	NA	NA	NA	212242	1929756	220287
"BIEA_HUMAN"	"HUMAN"	764972	NA	NA	NA	NA	949765
"BUB3_HUMAN"	"HUMAN"	1911180	2065279	2667732	NA	1247212	981834
"BZW1_HUMAN"	"HUMAN"	NA	NA	NA	NA	NA	2868244
"C1QBP_HUMAN"	"HUMAN"	3375163	3807806	2194799	4064232	3034462	3186728
"C1TC_HUMAN"	"HUMAN"	3318857	3809342	5008707	3678300	4946538	5265477
"C8Z3F1_YEAS8"	"YEAST"	34984610	41841137	44748948	18591773	20363828	21007226
"C8Z3F6_YEAS8"	"YEAST"	NA	NA	316775	NA	NA	NA
"C8Z3H3_YEAS8"	"YEAST"	12736031	14301254	15096998	6009439	6667113	7585406
"C8Z3H5_YEAS8"	"YEAST"	10132036	11638360	12022345	4441031	4707346	4501833
"C8Z3L8_YEAS8"	"YEAST"	7795274	8532473	6316486	NA	NA	NA
"C8Z3Q3_YEAS8"	"YEAST"	NA	NA	1829813	NA	NA	NA
"C8Z3R8_YEAS8/tr"	"YEAST"	15326215	16174002	NA	15623199	14807278	NA
"C8Z3S1_YEAS8"	"YEAST"	18466474	21254052	22586666	7034600	10383341	10249042
"C8Z3U3_YEAS8"	"YEAST"	18010482	21799123	22777850	10324500	10774983	11648666
"C8Z3V2_YEAS8"	"YEAST"	7871546	9856199	10053166	3433007	3579339	4387120
"C8Z3V8_YEAS8"	"YEAST"	19875522	22856095	24902549	6615114	10878052	10981101
"C8Z3W6_YEAS8"	"YEAST"	12520671	13661540	17189009	5656913	6460547	6776622
"C8Z3W9_YEAS8"	"YEAST"	11135187	13147059	13709638	4382417	NA	4427040
"C8Z404_YEAS8"	"YEAST"	139202669	165884058	176284020	NA	NA	NA
"C8Z406_YEAS8"	"YEAST"	7636501	10114111	10527369	4526736	5260676	5476178
"C8Z411_YEAS8"	"YEAST"	NA	NA	NA	5678056	NA	NA
"C8Z419_YEAS8"	"YEAST"	3981687	4686961	3389081	2216479	NA	2478642
"C8Z447_YEAS8"	"YEAST"	2822016	3269361	3269654	842612	NA	903202
"C8Z449_YEAS8"	"YEAST"	4128693	4201348	3402615	1398500	NA	1396839
"C8Z476_YEAS8"	"YEAST"	3810014	3831005	4040773	NA	NA	NA
"C8Z489_YEAS8"	"YEAST"	NA	NA	1733669	NA	NA	NA
"C8Z499_YEAS8"	"YEAST"	71625559	81832882	84378047	38302681	40028910	41326858
"C8Z4C1_YEAS8/tr"	"YEAST"	11617268	13298545	14100212	6023888	6267532	NA
"C8Z4E5_YEAS8"	"YEAST"	NA	1689240	1740942	NA	NA	NA
"C8Z4K3_YEAS8"	"YEAST"	1646111	1931785	3219174	689698	716933	NA
"C8Z4P8_YEAS8"	"YEAST"	8816395	9599035	11304188	4400674	4793306	4674754
"C8Z4Q5_YEAS8"	"YEAST"	1519270	1782469	3051998	NA	NA	589601
"C8Z4U3_YEAS8"	"YEAST"	2217007	1808646	2341508	971101	806016	NA
"C8Z4U5_YEAS8"	"YEAST"	12978934	15536996	17338543	7171587	2734128	7112285
"C8Z4V7_YEAS8"	"YEAST"	NA	NA	NA	1024480	NA	NA
"C8Z4V9_YEAS8"	"YEAST"	5409411	4863580	6772076	2303895	1943319	3144532
"C8Z4W0_YEAS8"	"YEAST"	432136	329649	329962	NA	NA	NA
"C8Z4W9_YEAS8"	"YEAST"	19949560	22783562	21770072	9862452	10402714	10459197
"C8Z4Y3_YEAS8"	"YEAST"	18277376	20204513	20813112	6284847	6733805	10424521
"C8Z516_YEAS8"	"YEAST"	2068607	NA	2814227	NA	NA	NA
"C8Z545_YEAS8"	"YEAST"	1146204	1193171	1307375	NA	NA	584213
"C8Z570_YEAS8"	"YEAST"	4659765	5407759	4527790	2161571	NA	NA
"C8Z573_YEAS8"	"YEAST"	NA	NA	2548898	NA	NA	NA
"C8Z586_YEAS8"	"YEAST"	NA	847971	NA	NA	NA	NA
"C8Z5D5_YEAS8/tr"	"YEAST"	186853218	198663199	207917169	NA	NA	NA
"C8Z5D7_YEAS8"	"YEAST"	2639748	2898222	NA	NA	NA	NA
"C8Z5E4_YEAS8"	"YEAST"	7084602	8182253	8274999	2015991	1888146	1896680
"C8Z5H0_YEAS8"	"YEAST"	1392976	1646431	1325798	NA	NA	NA
"C8Z5L0_YEAS8"	"YEAST"	NA	1489300	2445663	NA	NA	NA
"C8Z5Q2_YEAS8"	"YEAST"	2288413	NA	2866926	NA	NA	NA
"C8Z5R4_YEAS8"	"YEAST"	1775107	1667302	1215039	NA	NA	NA
"C8Z5S9_YEAS8"	"YEAST"	1195024	1259660	NA	NA	NA	NA
"C8Z5U5_YEAS8"	"YEAST"	1684022	1827185	1999889	NA	944386	NA
"C8Z5U7_YEAS8"	"YEAST"	6840524	8010634	8762931	NA	2935176	1878379
"C8Z5U9_YEAS8"	"YEAST"	31907862	38290302	40206660	16991019	17819118	17599593
"C8Z5Y0_YEAS8"	"YEAST"	22841812	27542142	28305572	14558464	14787306	14823885
"C8Z608_YEAS8"	"YEAST"	13440800	15859294	16941156	2201755	5646248	7042337
"C8Z630_YEAS8"	"YEAST"	14502220	17147394	17740581	5895490	7307520	6167477
"C8Z659_YEAS8"	"YEAST"	7392812	11004552	11722050	3203064	3433282	3529310
"C8Z693_YEAS8"	"YEAST"	NA	584148	625162	NA	NA	NA
"C8Z6B9_YEAS8"	"YEAST"	3944506	4947146	4897042	1400626	2272789	2530616
"C8Z6C2_YEAS8"	"YEAST"	NA	NA	2406443	NA	NA	NA
"C8Z6D5_YEAS8"	"YEAST"	942365	NA	NA	NA	NA	NA
"C8Z6G5_YEAS8/tr"	"YEAST"	7587740	8302595	8728383	3862356	2855727	3811100
"C8Z6H2_YEAS8/tr"	"YEAST"	2895637	3483379	3899853	NA	NA	908704
"C8Z6H7_YEAS8"	"YEAST"	6704079	7949458	7304796	NA	4588772	2929627
"C8Z6H8_YEAS8"	"YEAST"	NA	1371694	1579534	NA	NA	NA
"C8Z6H9_YEAS8"	"YEAST"	2848449	3221709	3329279	NA	NA	955723
"C8Z6M0_YEAS8"	"YEAST"	1264703	1472908	1566340	NA	NA	NA
"C8Z6M1_YEAS8"	"YEAST"	14175037	16150429	16192063	7768167	7682612	6449256
"C8Z6M2_YEAS8/tr"	"YEAST"	9282956	10483511	11390775	NA	1517699	2648215
"C8Z6P0_YEAS8"	"YEAST"	NA	14497578	NA	6657100	NA	7122502
"C8Z6T1_YEAS8"	"YEAST"	NA	NA	4571575	NA	NA	NA
"C8Z6U7_YEAS8"	"YEAST"	847110	NA	NA	NA	NA	NA
"C8Z6W1_YEAS8"	"YEAST"	3971943	4834275	5050031	NA	1470428	2190794
"C8Z727_YEAS8"	"YEAST"	NA	1265316	1221502	NA	NA	NA
"C8Z746_YEAS8"	"YEAST"	11609192	9823693	15000259	5078663	8893326	8698978
"C8Z763_YEAS8"	"YEAST"	NA	2264429	2338065	NA	NA	NA
"C8Z777_YEAS8"	"YEAST"	920046	1471968	674556	NA	NA	NA
"C8Z778_YEAS8/tr"	"YEAST"	1084852	1303192	NA	NA	NA	NA
"C8Z782_YEAS8"	"YEAST"	22804994	25978861	26889414	6134135	7364449	11915769
"C8Z793_YEAS8/tr"	"YEAST"	NA	NA	2042710	NA	NA	NA
"C8Z799_YEAS8"	"YEAST"	NA	NA	498635	NA	NA	NA
"C8Z7A8_YEAS8"	"YEAST"	NA	1190921	1526079	332034	NA	NA
"C8Z7C8_YEAS8"	"YEAST"	1452087	2219985	1583944	NA	NA	NA
"C8Z7E8_YEAS8/tr"	"YEAST"	NA	20542362	23278277	NA	NA	14181849
"C8Z7F0_YEAS8"	"YEAST"	1129007	NA	1801403	NA	NA	NA
"C8Z7I7_YEAS8"	"YEAST"	2731572	2967380	3611092	1301755	1031473	730703
"C8Z7K1_YEAS8"	"YEAST"	5039312	6046138	6314464	1979872	1657556	2875770
"C8Z7K1_YEAS8/tr"	"YEAST"	6527023	7232152	6484964	NA	NA	NA
"C8Z7K2_YEAS8"	"YEAST"	716199	3284903	NA	NA	NA	NA
"C8Z7N7_YEAS8"	"YEAST"	1594454	NA	2512104	NA	NA	NA
"C8Z7P3_YEAS8"	"YEAST"	142215464	164101702	168772270	143279382	150110384	155345510
"C8Z7P5_YEAS8"	"YEAST"	1519873	1784177	2309898	NA	NA	NA
"C8Z7R1_YEAS8"	"YEAST"	NA	NA	1420777	NA	NA	NA
"C8Z7R5_YEAS8"	"YEAST"	1599244	2500718	2215299	NA	NA	NA
"C8Z7S0_YEAS8"	"YEAST"	4827096	5668753	5851431	2567197	2643815	2715936
"C8Z7W6_YEAS8"	"YEAST"	12277841	14667044	15268503	6878786	4968781	5191977
"C8Z7X9_YEAS8"	"YEAST"	1386522	2198650	2086076	NA	NA	NA
"C8Z7Y9_YEAS8"	"YEAST"	1826275	6034297	4441544	NA	NA	783973
"C8Z805_YEAS8"	"YEAST"	6953985	7476087	7766509	2816465	840138	1445562
"C8Z813_YEAS8"	"YEAST"	3916932	2181471	4488819	NA	NA	2380384
"C8Z821_YEAS8"	"YEAST"	NA	NA	620838	NA	NA	NA
"C8Z845_YEAS8/tr"	"YEAST"	2682531	4879578	2874728	2225443	NA	NA
"C8Z853_YEAS8"	"YEAST"	2697999	NA	4056731	NA	NA	NA
"C8Z894_YEAS8"	"YEAST"	NA	NA	816407	NA	NA	NA
"C8Z8B5_YEAS8"	"YEAST"	10562715	12192275	6429711	5341711	4702801	NA
"C8Z8C7_YEAS8"	"YEAST"	11187619	13385775	14223496	4753060	5226537	5651844
"C8Z8E3_YEAS8"	"YEAST"	1980100	2772808	1696408	NA	NA	961285
"C8Z8E5_YEAS8"	"YEAST"	13484148	11411965	15162403	NA	NA	7712147
"C8Z8I5_YEAS8/tr"	"YEAST"	NA	NA	910378	NA	NA	NA
"C8Z8L2_YEAS8"	"YEAST"	1730376	1942079	1969566	NA	NA	NA
"C8Z8L6_YEAS8"	"YEAST"	1999107	2595994	2450653	NA	NA	NA
"C8Z8N2_YEAS8"	"YEAST"	NA	2759110	NA	NA	NA	NA
"C8Z8N5_YEAS8"	"YEAST"	NA	NA	4041466	NA	NA	NA
"C8Z8S9_YEAS8"	"YEAST"	15631495	18359771	18999248	8483619	8368540	7975993
"C8Z8Y0_YEAS8"	"YEAST"	4758049	3323054	3419973	NA	NA	NA
"C8Z917_YEAS8/tr"	"YEAST"	1747723	2009734	1853865	NA	NA	NA
"C8Z949_YEAS8"	"YEAST"	3174192	2723410	1680086	NA	NA	NA
"C8Z975_YEAS8"	"YEAST"	69443850	81692628	84642763	36651052	37871534	38984308
"C8Z985_YEAS8"	"YEAST"	21003292	22344712	24035131	9328942	10330096	10010321
"C8Z985_YEAS8/tr"	"YEAST"	172019405	202602066	213925832	91521725	99222701	98130421
"C8Z996_YEAS8"	"YEAST"	988743	1133178	1284923	NA	NA	NA
"C8Z9A2_YEAS8"	"YEAST"	2412432	2662695	2599239	NA	NA	NA
"C8Z9A4_YEAS8"	"YEAST"	666280	NA	497366	2152328	NA	NA
"C8Z9B0_YEAS8"	"YEAST"	583737	753639	NA	NA	NA	NA
"C8Z9C6_YEAS8"	"YEAST"	10910425	12917827	13231227	4892056	5346125	6161052
"C8Z9D1_YEAS8"	"YEAST"	3255512	3933928	4057392	NA	NA	NA
"C8Z9E8_YEAS8"	"YEAST"	NA	NA	5181025	NA	NA	NA
"C8Z9H2_YEAS8"	"YEAST"	654695	748914	765860	NA	NA	NA
"C8Z9H5_YEAS8"	"YEAST"	6060854	7323232	4916823	764959	839751	847344
"C8Z9H8_YEAS8"	"YEAST"	NA	NA	2433493	NA	NA	NA
"C8Z9K2_YEAS8"	"YEAST"	4199698	4741897	5107154	1348463	1992266	2455125
"C8Z9P7_YEAS8"	"YEAST"	1251052	1166454	1316624	NA	NA	NA
"C8Z9X5_YEAS8"	"YEAST"	1685651	1906662	1797895	NA	879014	NA
"C8ZA04_YEAS8"	"YEAST"	12359116	16143813	16919494	6384439	7518304	7709743
"C8ZA30_YEAS8/tr"	"YEAST"	14422756	14120791	18467682	6479128	7042201	6739842
"C8ZA51_YEAS8"	"YEAST"	8615906	9991872	10107655	4679552	4898603	3885272
"C8ZA65_YEAS8"	"YEAST"	7511959	8771490	9384056	NA	NA	NA
"C8ZA75_YEAS8"	"YEAST"	10823543	12250465	13102245	5454412	6164397	5926455
"C8ZA85_YEAS8"	"YEAST"	NA	1107785	NA	NA	NA	NA
"C8ZA86_YEAS8"	"YEAST"	2195881	1857131	2771643	NA	NA	NA
"C8ZA87_YEAS8"	"YEAST"	830896	1305429	NA	NA	NA	NA
"C8ZA88_YEAS8/tr"	"YEAST"	8316461	9801206	11933291	4407775	NA	NA
"C8ZA93_YEAS8"	"YEAST"	907097	706926	NA	NA	NA	NA
"C8ZAF6_YEAS8"	"YEAST"	1501873	2358319	1359026	509049	NA	NA
"C8ZAG7_YEAS8"	"YEAST"	1889909	2092188	2378411	621508	688082	868762
"C8ZAJ3_YEAS8/tr"	"YEAST"	NA	6939762	7387957	NA	NA	NA
"C8ZAJ5_YEAS8"	"YEAST"	3200735	2178945	3291342	NA	NA	NA
"C8ZAK5_YEAS8"	"YEAST"	1747553	2125571	2771414	NA	NA	NA
"C8ZAX1_YEAS8"	"YEAST"	NA	NA	1837346	NA	NA	NA
"C8ZB20_YEAS8"	"YEAST"	837193	NA	NA	NA	NA	NA
"C8ZB42_YEAS8/tr"	"YEAST"	9166918	10999418	11273898	3171538	5373313	5529189
"C8ZB52_YEAS8"	"YEAST"	3591188	4014348	4161604	1930795	2082464	2066671
"C8ZB82_YEAS8/tr"	"YEAST"	1951847	2413393	2529762	NA	NA	NA
"C8ZB87_YEAS8"	"YEAST"	2628166	3078319	3642665	NA	NA	756912
"C8ZBA6_YEAS8"	"YEAST"	NA	NA	1521260	NA	NA	NA
"C8ZBG2_YEAS8"	"YEAST"	9772465	10923903	11131042	5012338	5310693	5511077
"C8ZBG4_YEAS8"	"YEAST"	4169763	4700104	4945403	2080835	2294261	1503668
"C8ZBH9_YEAS8"	"YEAST"	7958529	8988720	9514507	NA	NA	NA
"C8ZBI7_YEAS8"	"YEAST"	38663704	45623003	47910808	19818863	20844731	21553160
"C8ZBM4_YEAS8"	"YEAST"	6146008	4947130	4684226	NA	1655951	1770077
"C8ZBP1_YEAS8"	"YEAST"	8676716	10359272	4378152	2151273	2107956	2622836
"C8ZBQ1_YEAS8"	"YEAST"	1571789	1845383	7373173	821282	842668	633515
"C8ZBQ2_YEAS8"	"YEAST"	3704814	3861056	NA	NA	NA	NA
"C8ZBQ7_YEAS8"	"YEAST"	5483381	7530050	6416297	4924099	NA	NA
"C8ZBR9_YEAS8"	"YEAST"	16741959	19740997	19583676	11292850	11974910	11534573
"C8ZBS1_YEAS8"	"YEAST"	15867553	18251315	18779029	9076162	9429142	7525330
"C8ZBX0_YEAS8"	"YEAST"	NA	2572173	3960273	NA	NA	NA
"C8ZBZ3_YEAS8"	"YEAST"	4617498	4916291	2155450	1269166	NA	NA
"C8ZC17_YEAS8"	"YEAST"	976185	813930	NA	NA	NA	NA
"C8ZC23_YEAS8"	"YEAST"	55269304	63984581	69944681	30087657	33050556	32678849
"C8ZC25_YEAS8"	"YEAST"	4588855	5334612	6281955	NA	NA	NA
"C8ZC92_YEAS8"	"YEAST"	4427494	4657422	7302029	NA	NA	3125884
"C8ZCB2_YEAS8"	"YEAST"	32514191	39993298	40960540	17190114	19127027	19526275
"C8ZCB6_YEAS8"	"YEAST"	5681396	3590122	7000051	NA	2059812	NA
"C8ZCD4_YEAS8"	"YEAST"	3392455	2234739	3671972	NA	NA	854208
"C8ZCL1_YEAS8"	"YEAST"	1039329	962913	1061099	NA	NA	NA
"C8ZCM2_YEAS8"	"YEAST"	17208989	19952513	23491560	8926551	9411407	9954704
"C8ZCM8_YEAS8"	"YEAST"	NA	634119	NA	NA	NA	NA
"C8ZCS5_YEAS8"	"YEAST"	1555156	1731910	1641820	NA	NA	NA
"C8ZCS9_YEAS8"	"YEAST"	7111940	8007273	8427103	3605466	NA	3714734
"C8ZCU6_YEAS8"	"YEAST"	3792514	3898474	3851122	1139869	1040822	1660915
"C8ZCU8_YEAS8"	"YEAST"	13027661	13940224	13584198	5718243	6233742	6303315
"C8ZCU8_YEAS8/tr"	"YEAST"	32033759	42955300	41467210	28360590	31337915	30447807
"C8ZCV6_YEAS8"	"YEAST"	5369596	6050665	6080533	2577139	2728289	NA
"C8ZCZ9_YEAS8"	"YEAST"	NA	1274203	NA	NA	NA	NA
"C8ZD01_YEAS8"	"YEAST"	7501012	8874473	NA	4687989	NA	4627178
"C8ZD16_YEAS8"	"YEAST"	86229610	100309170	103549632	44744306	47359910	46568158
"C8ZD20_YEAS8/tr"	"YEAST"	33025082	37061461	38872379	16009162	17330949	18339084
"C8ZD30_YEAS8"	"YEAST"	NA	NA	1452816	NA	NA	NA
"C8ZD32_YEAS8"	"YEAST"	1508951	1725319	1668989	NA	686050	NA
"C8ZD46_YEAS8"	"YEAST"	6723296	11490151	12002210	3774143	3795685	4123267
"C8ZD80_YEAS8"	"YEAST"	26042533	29904313	30759158	12709934	13887247	13684004
"C8ZDA3_YEAS8/tr"	"YEAST"	78805160	91907054	96665464	31876350	36099127	46824948
"C8ZDC1_YEAS8"	"YEAST"	1123779	1134086	1302656	NA	NA	NA
"C8ZDC4_YEAS8"	"YEAST"	1596153	1626861	1893932	2742939	NA	NA
"C8ZDE0_YEAS8/tr"	"YEAST"	14250401	16720236	18450679	NA	11765486	11559594
"C8ZDF7_YEAS8"	"YEAST"	1916964	NA	NA	NA	NA	NA
"C8ZDH2_YEAS8"	"YEAST"	1704771	NA	NA	NA	NA	NA
"C8ZDI0_YEAS8"	"YEAST"	2983016	2105706	2109488	NA	1108681	NA
"C8ZDL2_YEAS8"	"YEAST"	16640271	19298311	20102902	8144057	8508321	8846909
"C8ZDM2_YEAS8"	"YEAST"	10655646	11814405	12024927	7249728	7603012	7982432
"C8ZDM8_YEAS8/tr"	"YEAST"	9721951	11536224	11977308	NA	NA	NA
"C8ZDN4_YEAS8"	"YEAST"	591264	703044	699476	NA	NA	NA
"C8ZDR6_YEAS8"	"YEAST"	5497092	6684748	6942196	2250194	2341773	2181984
"C8ZDR7_YEAS8"	"YEAST"	3505076	2403798	4380587	433379	339145	NA
"C8ZDU4_YEAS8/tr"	"YEAST"	2137364	2530430	2519887	NA	NA	1244104
"C8ZDU8_YEAS8"	"YEAST"	21217993	23909784	24646096	11018674	11624155	12003471
"C8ZDW1_YEAS8"	"YEAST"	3844088	4893190	5231420	1724515	1958229	1705179
"C8ZDW2_YEAS8"	"YEAST"	8351911	10301654	10524392	4305872	4530183	4633273
"C8ZDX7_YEAS8/tr"	"YEAST"	16746806	18754270	18982456	9198088	8848837	7331778
"C8ZE00_YEAS8"	"YEAST"	2611218	2720967	3069627	NA	1345899	1462100
"C8ZE15_YEAS8/tr"	"YEAST"	13368584	NA	13797809	NA	NA	NA
"C8ZE45_YEAS8"	"YEAST"	2593747	3080467	3554865	NA	NA	NA
"C8ZE49_YEAS8"	"YEAST"	2799696	NA	NA	NA	NA	NA
"C8ZE55_YEAS8"	"YEAST"	6515117	NA	NA	NA	NA	NA
"C8ZE76_YEAS8"	"YEAST"	6333489	5605895	6095238	345502	1313257	1150490
"C8ZE78_YEAS8/tr"	"YEAST"	1294592	NA	NA	NA	NA	NA
"C8ZE82_YEAS8"	"YEAST"	NA	NA	531213	NA	NA	NA
"C8ZEB9_YEAS8"	"YEAST"	NA	NA	1371380	NA	NA	NA
"C8ZED2_YEAS8/tr"	"YEAST"	7953607	9600702	10636226	4240036	4908534	4649051
"C8ZEE2_YEAS8"	"YEAST"	6172323	NA	NA	NA	NA	NA
"C8ZEE2_YEAS8/tr"	"YEAST"	6083059	3324945	7412342	2875169	NA	NA
"C8ZEH6_YEAS8"	"YEAST"	19307714	22225332	22181301	9768711	10005282	11983659
"C8ZEI0_YEAS8/tr"	"YEAST"	15773053	16631376	17066136	6824644	7984064	9048556
"C8ZEI2_YEAS8"	"YEAST"	NA	5179626	5438240	NA	NA	NA
"C8ZEJ9_YEAS8"	"YEAST"	2440519	3139934	4876620	1245852	932513	1807943
"C8ZEK6_YEAS8"	"YEAST"	NA	2003403	NA	NA	NA	NA
"C8ZEL8_YEAS8"	"YEAST"	486765	1200837	991218	481537	NA	NA
"C8ZET2_YEAS8"	"YEAST"	594712	615532	702033	NA	NA	NA
"C8ZET6_YEAS8"	"YEAST"	NA	NA	2961615	NA	NA	NA
"C8ZEW1_YEAS8"	"YEAST"	953377	1007955	NA	NA	NA	NA
"C8ZEW9_YEAS8"	"YEAST"	16280891	19374059	19622730	8062214	8750936	8597975
"C8ZEX5_YEAS8/tr"	"YEAST"	7962746	6694691	9816130	3888764	3902057	4227895
"C8ZF50_YEAS8"	"YEAST"	9011845	8791369	10709997	NA	NA	3001290
"C8ZF50_YEAS8/tr"	"YEAST"	41657300	49192609	51486341	32033017	34888058	35836965
"C8ZF58_YEAS8/tr"	"YEAST"	11053132	13494831	14690039	2925728	3155035	3135682
"C8ZF68_YEAS8"	"YEAST"	NA	NA	432455	NA	NA	NA
"C8ZF70_YEAS8"	"YEAST"	1550783	2564101	2272749	800373	516967	NA
"C8ZF81_YEAS8"	"YEAST"	1218011	1357543	1897996	NA	NA	NA
"C8ZF90_YEAS8"	"YEAST"	1553191	1624483	2346765	NA	NA	NA
"C8ZF93_YEAS8"	"YEAST"	1180588	NA	NA	NA	NA	NA
"C8ZFA7_YEAS8"	"YEAST"	14493344	16587634	11148473	5225213	5490565	5836178
"C8ZFH7_YEAS8"	"YEAST"	2144150	2608228	3101473	NA	NA	1608957
"C8ZFI5_YEAS8"	"YEAST"	NA	743014	NA	NA	NA	NA
"C8ZFJ1_YEAS8"	"YEAST"	NA	452601	607389	NA	NA	NA
"C8ZFM6_YEAS8"	"YEAST"	6451122	7082029	6921089	10006994	2308062	3283162
"C8ZFP3_YEAS8"	"YEAST"	533840	1984462	1323558	NA	NA	NA
"C8ZFS9_YEAS8"	"YEAST"	1489324	884552	NA	NA	NA	NA
"C8ZFV1_YEAS8"	"YEAST"	NA	NA	995075	NA	NA	441501
"C8ZFZ2_YEAS8"	"YEAST"	1619753	2054236	1894007	NA	NA	NA
"C8ZFZ5_YEAS8"	"YEAST"	NA	NA	1195094	NA	NA	NA
"C8ZG23_YEAS8/tr"	"YEAST"	33483306	38482970	38196045	17826198	18842731	19237502
"C8ZG41_YEAS8"	"YEAST"	NA	612317	NA	NA	NA	NA
"C8ZG50_YEAS8"	"YEAST"	14086791	16377448	22331641	9331214	10047403	8873115
"C8ZG92_YEAS8"	"YEAST"	204183	NA	NA	NA	NA	NA
"C8ZG96_YEAS8"	"YEAST"	NA	NA	2718286	NA	NA	NA
"C8ZGB8_YEAS8"	"YEAST"	NA	NA	1748049	NA	NA	NA
"C8ZGF9_YEAS8"	"YEAST"	903088	1001851	1173432	NA	NA	NA
"C8ZGG0_YEAS8"	"YEAST"	NA	NA	NA	4691532	NA	NA
"C8ZGG1_YEAS8"	"YEAST"	5540462	5583777	6319591	NA	2596242	NA
"C8ZGG3_YEAS8/tr"	"YEAST"	NA	NA	6939691	NA	NA	4171922
"C8ZGH3_YEAS8"	"YEAST"	17413472	19372304	20350979	9513224	9853248	9817468
"C8ZGH6_YEAS8"	"YEAST"	NA	NA	1119841	NA	NA	NA
"C8ZGJ2_YEAS8/tr"	"YEAST"	401648	NA	NA	NA	NA	NA
"C8ZGM2_YEAS8"	"YEAST"	10834210	11440345	11949276	4967632	5270168	5088741
"C8ZGP8_YEAS8"	"YEAST"	1046943	NA	NA	NA	NA	NA
"C8ZGU4_YEAS8/tr"	"YEAST"	27530668	32616735	34481653	23530946	25688349	25666660
"C8ZGU7_YEAS8"	"YEAST"	NA	1402293	NA	NA	NA	NA
"C8ZGV7_YEAS8"	"YEAST"	NA	NA	649555	NA	NA	NA
"C8ZGW0_YEAS8"	"YEAST"	968766	1119832	1308233	NA	NA	495250
"C8ZGW0_YEAS8/tr"	"YEAST"	4792606	5547708	NA	NA	NA	NA
"C8ZGY3_YEAS8"	"YEAST"	2603238	3420740	2331266	NA	NA	NA
"C8ZH35_YEAS8"	"YEAST"	NA	NA	1134445	NA	NA	NA
"C8ZH49_YEAS8"	"YEAST"	2147038	2568161	3006108	NA	NA	NA
"C8ZH60_YEAS8"	"YEAST"	NA	715619	947622	NA	NA	NA
"C8ZH84_YEAS8"	"YEAST"	1256235	1409025	NA	NA	NA	NA
"C8ZH87_YEAS8"	"YEAST"	988795	NA	1299132	NA	713096	NA
"C8ZH98_YEAS8/tr"	"YEAST"	NA	NA	23549157	NA	NA	NA
"C8ZHB7_YEAS8"	"YEAST"	12056876	14470880	15157806	6294920	4126288	NA
"C8ZHC2_YEAS8"	"YEAST"	4916961	5929001	6117595	NA	NA	NA
"C8ZHC3_YEAS8"	"YEAST"	3599313	3488821	3282204	2272954	NA	597340
"C8ZHC3_YEAS8/tr"	"YEAST"	5121563	4878921	4847894	2729268	2776429	NA
"C8ZHI9_YEAS8"	"YEAST"	14458730	16805170	17854157	7550593	8377617	8338054
"C8ZHJ5_YEAS8/tr"	"YEAST"	15896362	17920199	17132420	4876151	NA	NA
"C8ZHQ5_YEAS8"	"YEAST"	1657896	2195904	4624253	NA	1009433	1016859
"C8ZHS4_YEAS8"	"YEAST"	12842740	15064658	16424356	6933148	7440520	7177415
"C8ZHS5_YEAS8"	"YEAST"	6779936	7735655	8000997	NA	NA	NA
"C8ZHX0_YEAS8"	"YEAST"	1267056	1643264	1825877	NA	NA	NA
"C8ZHY2_YEAS8"	"YEAST"	5883479	6926640	6917466	3306882	3255046	3480616
"C8ZI08_YEAS8"	"YEAST"	820968	936976	713569	NA	NA	NA
"C8ZI24_YEAS8"	"YEAST"	10623720	12606082	13199678	5951892	6706436	6764903
"C8ZI57_YEAS8"	"YEAST"	6003158	4448656	4635751	2005203	NA	NA
"C8ZI57_YEAS8/tr"	"YEAST"	6648226	5509800	NA	2332265	NA	NA
"C8ZI98_YEAS8"	"YEAST"	1456138	NA	1725032	NA	NA	NA
"C8ZIA4_YEAS8"	"YEAST"	998637	2703738	2354150	NA	589044	723160
"C8ZIA8_YEAS8"	"YEAST"	1021693	NA	874803	NA	NA	NA
"C8ZID9_YEAS8"	"YEAST"	NA	2700199	6873186	NA	1283326	3215898
"C8ZIE8_YEAS8"	"YEAST"	2946662	4008192	4229423	1492861	1644713	2191362
"C8ZIG2_YEAS8"	"YEAST"	2589134	1466285	3020504	NA	NA	NA
"C8ZII1_YEAS8/tr"	"YEAST"	11063838	12753211	16614098	NA	4315062	7974852
"C8ZIL8_YEAS8"	"YEAST"	385396	1154157	1865237	NA	NA	NA
"C8ZIM4_YEAS8"	"YEAST"	3113836	3502126	3836112	1557932	481444	1872051
"C8ZIN6_YEAS8"	"YEAST"	1626667	1906359	1972745	NA	NA	NA
"C8ZIN6_YEAS8/tr"	"YEAST"	6159906	6939790	7359059	3159070	3173238	3478459
"C8ZIP9_YEAS8"	"YEAST"	7325894	8650398	8730585	3561583	3964592	4010866
"C8ZIR9_YEAS8"	"YEAST"	NA	NA	1020365	NA	NA	NA
"C8ZIS4_YEAS8"	"YEAST"	6181277	7026945	6919736	3205825	3438196	NA
"C8ZIU9_YEAS8/tr"	"YEAST"	5810150	6901532	12369384	NA	NA	NA
"C8ZIV1_YEAS8/tr"	"YEAST"	7565636	15182646	10037799	4018334	4568653	NA
"C8ZIV2_YEAS8"	"YEAST"	902852	1059519	1009480	NA	NA	NA
"C8ZIW9_YEAS8"	"YEAST"	14587864	16638112	16796705	7585626	6660796	5281321
"C8ZIY1_YEAS8"	"YEAST"	NA	NA	1070087	NA	NA	NA
"C8ZIZ2_YEAS8"	"YEAST"	1810233	NA	NA	NA	NA	NA
"C8ZIZ3_YEAS8/tr"	"YEAST"	22221066	25324089	26692698	11458109	12693452	12421378
"C8ZJ01_YEAS8"	"YEAST"	3853701	6840580	7338078	2775647	3103079	2033163
"C8ZJ22_YEAS8"	"YEAST"	2085476	1783540	3541868	NA	NA	NA
"C8ZJ57_YEAS8"	"YEAST"	NA	NA	NA	NA	NA	1815926
"C8ZJ60_YEAS8"	"YEAST"	691336	NA	NA	NA	NA	NA
"C8ZJ94_YEAS8"	"YEAST"	NA	2330089	NA	NA	NA	NA
"C8ZJA5_YEAS8"	"YEAST"	168922778	194631468	207842052	125162182	132974006	133542238
"C8ZJC4_YEAS8/tr"	"YEAST"	4189113	NA	NA	NA	NA	NA
"C8ZJF4_YEAS8/tr"	"YEAST"	3605207	NA	3755549	NA	NA	NA
"C8ZJG8_YEAS8"	"YEAST"	962560	NA	1021203	NA	NA	NA
"C8ZJL0_YEAS8"	"YEAST"	776050	582603	NA	NA	NA	NA
"C8ZJM0_YEAS8"	"YEAST"	4331621	5808300	5327444	1404299	1808394	2436510
"CALM_HUMAN"	"HUMAN"	7917490	6253445	NA	7332072	7963539	8841573
"CALR_HUMAN"	"HUMAN"	8630979	10782259	15767940	9522099	14529455	15949389
"CALX_HUMAN"	"HUMAN"	10834221	11445183	11673147	11281005	11334135	11979259
"CAN1_HUMAN"	"HUMAN"	NA	NA	NA	707550	NA	NA
"CAND1_HUMAN"	"HUMAN"	1683070	1752968	1815634	1547423	1596786	1703190
"CAP1_HUMAN"	"HUMAN"	1460566	1145725	1721112	1222266	2142457	3138712
"CAPG_HUMAN"	"HUMAN"	1276893	NA	631721	1095501	1535378	NA
"CAPP_ECOLI"	"ECOLI"	NA	292332	NA	1556453	1394739	1666879
"CAPR1_HUMAN"	"HUMAN"	NA	NA	NA	NA	NA	1622758
"CATD_HUMAN"	"HUMAN"	1008896	1059911	1069442	686600	1902157	2023449
"CATE_ECOLI"	"ECOLI"	2679305	3121048	2067120	10166428	10967809	12650093
"CAZA1_HUMAN"	"HUMAN"	1672172	1750543	5601618	1343008	4576694	3683751
"CAZA2_HUMAN"	"HUMAN"	NA	3641135	NA	NA	3375570	NA
"CBR1_HUMAN"	"HUMAN"	NA	NA	2513816	2052364	3671099	3719961
"CBR3_HUMAN"	"HUMAN"	1999088	2272026	NA	NA	2020125	1946868
"CBX3_HUMAN"	"HUMAN"	1637477	2473650	2653806	1719115	NA	NA
"CBX5_HUMAN"	"HUMAN"	NA	NA	NA	1862231	1926899	2061363
"CCAR2_HUMAN"	"HUMAN"	NA	NA	NA	NA	NA	1002444
"CD44_HUMAN"	"HUMAN"	4596278	4297685	5579692	4491035	4990613	5188509
"CD59_HUMAN"	"HUMAN"	3151958	2053191	4592821	3937913	3488024	3529812
"CDC42_HUMAN"	"HUMAN"	NA	NA	NA	NA	NA	1387388
"CH10_ECOLI"	"ECOLI"	3187004	3743563	3898799	18399420	22012409	20996446
"CH10_HUMAN"	"HUMAN"	32851787	38766412	39810878	33955059	36492037	37231020
"CH60_ECOLI"	"ECOLI"	6860339	8294423	7391141	30159950	34714022	33711998
"CH60_HUMAN"	"HUMAN"	44628379	52800017	54017908	45688527	49012952	52402453
"CISY_ECOLI"	"ECOLI"	NA	NA	NA	4544678	5609448	5642313
"CISY_HUMAN"	"HUMAN"	5188139	6198423	6247679	3950750	5371005	5392644
"CKAP4_HUMAN"	"HUMAN"	3918676	3848317	4524996	4116009	4341199	4071210
"CLH1_HUMAN"	"HUMAN"	7844009	12404167	12155921	8768455	10644724	10633772
"CLH2_HUMAN"	"HUMAN"	3901876	3943413	3221713	3707873	4022591	4047398
"CLIC1_HUMAN"	"HUMAN"	NA	2583302	2369498	5390091	6311916	6509087
"CLPB_ECOLI"	"ECOLI"	1833839	1940183	1973789	6982313	8683145	8740790
"CLPP_ECOLI"	"ECOLI"	NA	NA	NA	NA	756516	NA
"CLUS_HUMAN"	"HUMAN"	1788340	1989264	NA	1747327	NA	NA
"CN166_HUMAN"	"HUMAN"	NA	1150671	1176536	1128266	1712166	1882866
"CNPY2_HUMAN"	"HUMAN"	1559365	2161665	1665270	1477420	1679155	1814275
"COF1_HUMAN"	"HUMAN"	17251966	19750452	20930816	18099729	19473684	19453715
"COF2_HUMAN"	"HUMAN"	7446338	NA	8748380	8273340	9902514	11302818
"COPB2_HUMAN"	"HUMAN"	NA	NA	NA	NA	1608749	NA
"COPD_HUMAN"	"HUMAN"	789050	653418	791149	695124	1036907	NA
"COPG1_HUMAN"	"HUMAN"	NA	NA	687824	NA	NA	586340
"COPG2_HUMAN"	"HUMAN"	808549	795503	816168	NA	769293	891934
"COR1C_HUMAN"	"HUMAN"	NA	NA	NA	NA	1610910	NA
"COX2_HUMAN"	"HUMAN"	4931607	952383	962865	5161425	5581739	6383160
"COX41_HUMAN"	"HUMAN"	NA	NA	NA	NA	NA	1185647
"CPNE1_HUMAN"	"HUMAN"	2220700	NA	NA	2327981	NA	2276018
"CPSF5_HUMAN"	"HUMAN"	NA	NA	NA	901014	NA	NA
"CPSM_HUMAN"	"HUMAN"	15887031	16976811	15415864	16392560	15396295	17036514
"CPT1A_HUMAN"	"HUMAN"	722470	1131081	675020	652849	995099	643193
"CRP_ECOLI"	"ECOLI"	NA	NA	NA	2456028	NA	2545264
"CRTAP_HUMAN"	"HUMAN"	NA	NA	568916	NA	NA	493752
"CSRP1_HUMAN"	"HUMAN"	1159815	1767612	NA	NA	1055254	1026624
"CSRP2_HUMAN"	"HUMAN"	NA	713902	1078538	585830	NA	1310395
"CURA_ECOLI"	"ECOLI"	NA	NA	NA	1766521	1740299	1881807
"CUTA_HUMAN"	"HUMAN"	NA	NA	NA	739837	848720	980827
"CY1_HUMAN"	"HUMAN"	3171865	3230671	3247187	3430328	NA	3353594
"CYBP_HUMAN"	"HUMAN"	1465418	NA	NA	1466320	NA	NA
"CYC_HUMAN"	"HUMAN"	3077497	3545433	3832461	3235260	3500370	4184850
"CYDA_ECOLI"	"ECOLI"	NA	NA	NA	9005388	11824304	12985596
"CYSK_ECOLI"	"ECOLI"	NA	NA	NA	2192323	3098994	2852109
"D3UEC7_YEAS8/tr"	"YEAST"	16251108	18313905	19223291	9255966	9753646	9918565
"D3UED5_YEAS8"	"YEAST"	1314368	1487188	1283343	NA	NA	NA
"D3UEG8_YEAS8"	"YEAST"	3075469	3313259	3177433	770562	NA	NA
"D3UEH9_YEAS8/tr"	"YEAST"	6176319	7437729	NA	3835142	NA	NA
"D3UEJ9_YEAS8"	"YEAST"	NA	NA	2146779	NA	NA	NA
"D3UEL3_YEAS8"	"YEAST"	859621	1959071	1985312	437747	NA	NA
"D3UEL8_YEAS8"	"YEAST"	582473	629874	668166	NA	NA	NA
"D3UEM1_YEAS8"	"YEAST"	3879039	5288947	4224742	741122	1684471	746403
"D3UEP3_YEAS8"	"YEAST"	NA	NA	1106718	NA	NA	NA
"D3UER4_YEAS8/tr"	"YEAST"	6337089	NA	NA	NA	NA	NA
"D3UES5_YEAS8/tr"	"YEAST"	8949865	10480844	10752986	3214669	3359662	4887228
"D3UEU0_YEAS8"	"YEAST"	8952176	10026244	10889713	4109409	4364099	4003969
"D3UEW6_YEAS8"	"YEAST"	1326053	1263366	4086319	NA	NA	NA
"D3UF11_YEAS8"	"YEAST"	791499	1183752	2613090	NA	NA	NA
"D3UF79_YEAS8"	"YEAST"	1749530	783819	1953348	NA	NA	NA
"D3UF94_YEAS8"	"YEAST"	16758587	13922883	14179697	6751258	4893521	5010481
"D3UF94_YEAS8/tr"	"YEAST"	881280	5069990	5352696	NA	NA	NA
"DACA_ECOLI"	"ECOLI"	NA	NA	NA	NA	1300220	1487106
"DACC_ECOLI"	"ECOLI"	NA	NA	NA	NA	NA	571879
"DAF_HUMAN"	"HUMAN"	5457243	4991195	5353269	4478491	6160692	4378238
"DAPD_ECOLI"	"ECOLI"	NA	NA	NA	3600829	3660379	4095871
"DAZP1_HUMAN"	"HUMAN"	NA	NA	1416118	NA	NA	1256004
"DBHA_ECOLI"	"ECOLI"	NA	NA	NA	12106119	15279544	15982150
"DBHB_ECOLI"	"ECOLI"	NA	NA	NA	NA	4016873	NA
"DCEA_ECOLI"	"ECOLI"	NA	NA	NA	21399015	22806199	22097873
"DCEB_ECOLI"	"ECOLI"	15483714	17406496	18135170	60706266	64490013	67551432
"DDB1_HUMAN"	"HUMAN"	2134845	2396621	2831818	2137477	2254179	2347274
"DDX17_HUMAN"	"HUMAN"	2077821	2505965	1972570	1747649	2383078	3005683
"DDX1_HUMAN"	"HUMAN"	NA	1396539	1569086	NA	739394	891562
"DDX21_HUMAN"	"HUMAN"	3425134	4071795	4215087	3776369	3166058	4498905
"DDX3X_HUMAN"	"HUMAN"	3710611	3150061	3275242	3138178	3651114	2782551
"DDX46_HUMAN"	"HUMAN"	NA	923788	NA	NA	NA	874098
"DDX50_HUMAN"	"HUMAN"	NA	1856054	NA	1529499	NA	NA
"DDX5_HUMAN"	"HUMAN"	9456656	10745820	11127612	9102941	10371021	10197930
"DEGP_ECOLI"	"ECOLI"	NA	NA	NA	6007687	6237431	6269105
"DEK_HUMAN"	"HUMAN"	2777551	2806535	3803106	1894278	NA	3696044
"DEOB_ECOLI"	"ECOLI"	NA	NA	NA	10993509	9771363	9981653
"DEOC_ECOLI"	"ECOLI"	385357	NA	NA	2659119	2646926	2535385
"DEOD_ECOLI"	"ECOLI"	1893828	NA	2905801	10478109	10700125	9384435
"DGAL_ECOLI"	"ECOLI"	1223868	NA	NA	4599907	5030185	5490874
"DHAS_ECOLI"	"ECOLI"	NA	NA	NA	1926072	1648473	1130365
"DHB4_HUMAN"	"HUMAN"	1247532	1303687	1313254	NA	NA	1129449
"DHE3_HUMAN"	"HUMAN"	1504361	1704932	NA	1541989	1018116	754779
"DHE4_HUMAN"	"HUMAN"	1366746	2027485	1900023	NA	NA	NA
"DHSA_ECOLI"	"ECOLI"	NA	NA	NA	3617924	2114993	570349
"DHSA_HUMAN"	"HUMAN"	4246562	4816374	4698843	4977697	5061234	4957375
"DHX15_HUMAN"	"HUMAN"	1588590	2038019	1949533	2125112	1842043	1116553
"DHX9_HUMAN"	"HUMAN"	2796490	4288485	2729286	3368251	3827577	3771648
"DIAP1_HUMAN"	"HUMAN"	NA	NA	NA	472000	NA	NA
"DKGA_ECOLI"	"ECOLI"	NA	NA	NA	1051327	1958989	1984006
"DLDH_ECOLI"	"ECOLI"	NA	NA	NA	4931707	5439059	5582996
"DLDH_HUMAN"	"HUMAN"	1721335	454923	1678098	517376	1764987	2031258
"DNAK_ECOLI"	"ECOLI"	6477136	8592631	5302066	22304706	21942271	22112750
"DNJA1_HUMAN"	"HUMAN"	NA	NA	NA	NA	1019963	NA
"DNJB1_HUMAN"	"HUMAN"	NA	883308	1424100	1809851	1498876	1306947
"DNM1L_HUMAN"	"HUMAN"	421598	606166	559505	NA	NA	680252
"DNPH1_HUMAN"	"HUMAN"	NA	NA	NA	1046856	NA	NA
"DPM1_HUMAN"	"HUMAN"	NA	NA	305230	NA	NA	NA
"DPS_ECOLI"	"ECOLI"	12974482	15624158	16741798	52963739	56718876	55705248
"DPYL2_HUMAN"	"HUMAN"	967497	1236598	NA	879006	NA	NA
"DUT_HUMAN"	"HUMAN"	3048433	1879767	1135862	3265164	1046212	1149969
"DX39A_HUMAN"	"HUMAN"	NA	NA	1025866	1214783	4179284	4423835
"DX39B_HUMAN"	"HUMAN"	10353803	11407408	11333900	10717383	11634067	11795005
"DYHC1_HUMAN"	"HUMAN"	1482334	1476846	1346970	1561270	1542906	1782221
"EBP2_HUMAN"	"HUMAN"	1935623	1385268	2360279	1313229	NA	1768409
"ECH1_HUMAN"	"HUMAN"	2500609	2191837	2348284	1703352	2724739	2885040
"ECHA_HUMAN"	"HUMAN"	1534936	2291968	2353258	1295404	1523195	2507626
"ECHB_HUMAN"	"HUMAN"	NA	583079	NA	NA	567163	NA
"ECHM_HUMAN"	"HUMAN"	1672736	1723807	2643956	1551231	3026955	1629354
"ECI1_HUMAN"	"HUMAN"	1695332	1103857	1174474	NA	1142913	1898725
"EF1A2_HUMAN"	"HUMAN"	1429220	NA	2030112	NA	1733776	1651997
"EF1A3_HUMAN"	"HUMAN"	46283731	51245734	53569365	48897025	52012444	54630769
"EF1B_HUMAN"	"HUMAN"	8206940	2734198	10482116	9343413	9988254	2738933
"EF1D_HUMAN"	"HUMAN"	6860501	6782946	6634351	5859756	5039053	7462150
"EF1G_HUMAN"	"HUMAN"	11557256	12746280	13478151	11724817	12358960	12910082
"EF2_HUMAN"	"HUMAN"	15337148	18353377	18869623	15470066	16783440	16674032
"EFG_ECOLI"	"ECOLI"	4621752	5504807	5489892	22494232	23517107	24927961
"EFP_ECOLI"	"ECOLI"	NA	NA	NA	NA	NA	1929295
"EFTS_ECOLI"	"ECOLI"	NA	NA	NA	7841944	7212109	8204240
"EFTU2_ECOLI"	"ECOLI"	41526961	46818446	45826526	178303484	170813858	188952040
"EFTU_HUMAN"	"HUMAN"	11463702	12807044	13548637	11351016	12125827	12531930
"EIF3A_HUMAN"	"HUMAN"	2712834	2697762	1674429	2023595	2623862	1970388
"EIF3D_HUMAN"	"HUMAN"	520650	476156	NA	NA	NA	NA
"EIF3E_HUMAN"	"HUMAN"	NA	NA	966665	NA	NA	967318
"EIF3F_HUMAN"	"HUMAN"	NA	NA	NA	997356	NA	NA
"EIF3M_HUMAN"	"HUMAN"	NA	NA	NA	NA	NA	830201
"EIFCL_HUMAN"	"HUMAN"	1559130	NA	2712635	1374233	1086561	1325437
"ELAB_ECOLI"	"ECOLI"	NA	1375634	NA	4634655	4780100	5049564
"ELAV1_HUMAN"	"HUMAN"	3230567	4085868	4065238	3201227	3705209	3693216
"EMD_HUMAN"	"HUMAN"	952437	1021608	985594	893513	912270	1570958
"ENO1_YEAST/tr"	"YEAST"	40379756	46794768	50839205	20430004	23427663	23254571
"ENO2_YEAST"	"YEAST"	91752189	105108645	109772554	46860030	49464474	50714016
"ENOA_HUMAN"	"HUMAN"	58668193	64760198	65415585	61950410	64141976	68426636
"ENO_ECOLI"	"ECOLI"	5820498	6570074	6464594	23674228	26354362	26522299
"ENPL_HUMAN"	"HUMAN"	18087347	19417830	20745769	12123060	19278844	20235123
"EPIPL_HUMAN"	"HUMAN"	1330896	1138829	732566	964535	1525803	920198
"ERF1_HUMAN"	"HUMAN"	NA	1656725	NA	NA	NA	NA
"ERF3A_HUMAN"	"HUMAN"	1262285	489185	NA	1145377	NA	483771
"ERH_HUMAN"	"HUMAN"	609338	NA	649272	563319	636589	635937
"ERLN2_HUMAN"	"HUMAN"	482626	534350	NA	NA	NA	NA
"ERP29_HUMAN"	"HUMAN"	5681824	5887471	5488821	5707536	5666977	5824363
"ESTD_HUMAN"	"HUMAN"	1023512	970786	NA	NA	NA	NA
"ESYT1_HUMAN"	"HUMAN"	1170564	782177	1400864	NA	NA	1406852
"ETFA_HUMAN"	"HUMAN"	2113360	3569347	2420173	4372958	2901637	3694173
"ETFB_HUMAN"	"HUMAN"	3367801	2543763	NA	2668358	NA	NA
"EZRI_HUMAN"	"HUMAN"	3494872	3128975	2210858	2063830	1599618	3561861
"FABB_ECOLI"	"ECOLI"	1214916	1401837	NA	7736525	8425850	8180632
"FABD_ECOLI"	"ECOLI"	NA	NA	NA	NA	638337	679422
"FABG_ECOLI"	"ECOLI"	NA	NA	NA	1303144	1370890	NA
"FABI_ECOLI"	"ECOLI"	622484	NA	1191912	7757241	8739519	8883005
"FABP5_HUMAN"	"HUMAN"	NA	1378162	3779021	NA	NA	NA
"FABZ_ECOLI"	"ECOLI"	NA	NA	NA	1255953	NA	NA
"FAS_HUMAN"	"HUMAN"	8876911	10345298	10797882	8965581	9931090	10553720
"FBRL_HUMAN"	"HUMAN"	890512	1106351	811637	NA	NA	3643308
"FEN1_HUMAN"	"HUMAN"	2872154	3782417	3911719	3280221	3170209	3088413
"FKB10_HUMAN"	"HUMAN"	NA	NA	2075085	NA	NA	NA
"FKB1A_HUMAN"	"HUMAN"	988257	1141430	1064254	1024781	NA	NA
"FKBA_ECOLI"	"ECOLI"	NA	NA	NA	NA	1122147	NA
"FKBP4_HUMAN"	"HUMAN"	4354862	5096864	4079917	3518310	3391326	3334754
"FKBP8_HUMAN"	"HUMAN"	NA	NA	NA	605992	NA	NA
"FLNA_HUMAN"	"HUMAN"	17295676	19383967	17882999	17066698	18241013	17836100
"FLNB_HUMAN"	"HUMAN"	9345343	10707269	10507743	9359182	9928492	10067287
"FLNC_HUMAN"	"HUMAN"	1926440	NA	NA	NA	NA	NA
"FLOT1_HUMAN"	"HUMAN"	361805	NA	NA	NA	NA	NA
"FOLR1_HUMAN"	"HUMAN"	8636397	9695080	10103005	8756211	9321079	9072749
"FPPS_HUMAN"	"HUMAN"	2008278	2377462	NA	NA	NA	NA
"FRDA_ECOLI"	"ECOLI"	NA	NA	NA	2119759	3618857	3767597
"FRIH_HUMAN"	"HUMAN"	NA	NA	NA	NA	NA	1915996
"FSCN1_HUMAN"	"HUMAN"	3368145	4115284	4435473	3739201	6304442	3767600
"FTSH_ECOLI"	"ECOLI"	NA	NA	NA	1219088	1457860	1714944
"FTSZ_ECOLI"	"ECOLI"	NA	NA	NA	689143	1228748	NA
"FUBP1_HUMAN"	"HUMAN"	3364788	NA	3423350	2940643	4057196	NA
"FUBP2_HUMAN"	"HUMAN"	1147501	NA	2729169	NA	NA	NA
"FUBP3_HUMAN"	"HUMAN"	1244106	1484857	NA	1580667	1517209	NA
"FUMA_ECOLI"	"ECOLI"	NA	NA	NA	1064595	1146113	NA
"FUMH_HUMAN"	"HUMAN"	2622280	2835105	2458284	2822160	2771172	2329935
"FUS_HUMAN"	"HUMAN"	3025576	4337632	4130690	3345336	1463173	3479195
"G3BP1_HUMAN"	"HUMAN"	1824204	3147303	2749640	2979148	2156505	1800253
"G3P1_ECOLI"	"ECOLI"	17207330	20753154	21247414	71192454	78518005	80713171
"G3P_HUMAN"	"HUMAN"	99023712	117635344	123559182	81144308	87027802	92709182
"G6PD_HUMAN"	"HUMAN"	4216927	5705738	6129972	4509408	5589064	6503790
"G6PI_ECOLI"	"ECOLI"	300433	NA	NA	5778605	5946769	6058136
"G6PI_HUMAN"	"HUMAN"	10812630	13168314	11990338	11555922	10379982	10843482
"GABT_ECOLI"	"ECOLI"	NA	NA	NA	1159424	NA	NA
"GADC_ECOLI"	"ECOLI"	NA	NA	NA	9639778	8086890	9023828
"GAL7_ECOLI"	"ECOLI"	1346317	1460032	1564207	7785033	8630512	8856395
"GALT2_HUMAN"	"HUMAN"	1650957	5650941	2056084	3141008	1117610	1156489
"GALU_ECOLI"	"ECOLI"	NA	NA	NA	NA	NA	1604531
"GANAB_HUMAN"	"HUMAN"	7929575	9988460	11569634	10754059	11072387	11136939
"GATY_ECOLI"	"ECOLI"	NA	NA	NA	8249764	18664654	18296277
"GBB2_HUMAN"	"HUMAN"	NA	NA	NA	NA	931175	NA
"GBB4_HUMAN"	"HUMAN"	1615183	NA	NA	NA	NA	4004877
"GBLP_HUMAN"	"HUMAN"	11291426	13998156	14513452	11469183	12472602	13450306
"GCN1L_HUMAN"	"HUMAN"	1179009	1414376	NA	559748	692342	NA
"GCSP_ECOLI"	"ECOLI"	NA	NA	NA	1359309	629875	1338891
"GDIB_HUMAN"	"HUMAN"	2934591	3320288	3031426	3897799	4171054	3945240
"GDIR1_HUMAN"	"HUMAN"	2123170	2995234	1537446	1332702	3287250	1439913
"GHRB_ECOLI"	"ECOLI"	NA	NA	NA	1026990	NA	NA
"GLGB_HUMAN"	"HUMAN"	NA	NA	1291964	NA	864366	NA
"GLK_ECOLI"	"ECOLI"	NA	NA	NA	2147712	2148582	2170082
"GLMS_ECOLI"	"ECOLI"	NA	NA	NA	2098068	1747475	2231961
"GLPK_ECOLI"	"ECOLI"	NA	NA	NA	1664513	989813	1885208
"GLRX2_ECOLI"	"ECOLI"	NA	2365518	NA	9753216	9888256	10210198
"GLTI_ECOLI"	"ECOLI"	NA	NA	NA	3930390	3480961	3365375
"GLU2B_HUMAN"	"HUMAN"	1585115	6413327	3963249	2989242	1856429	4314858
"GLYA_ECOLI"	"ECOLI"	NA	NA	NA	5034833	5280520	2568840
"GLYM_HUMAN"	"HUMAN"	4118916	4915482	5925944	4679626	4721341	5320950
"GMHA_ECOLI"	"ECOLI"	NA	NA	NA	NA	519273	NA
"GNAT3_HUMAN"	"HUMAN"	NA	NA	5088874	3948515	4396619	NA
"GNL3_HUMAN"	"HUMAN"	NA	1082429	857269	NA	NA	NA
"GPMA_ECOLI"	"ECOLI"	NA	NA	NA	9130337	9642613	9082770
"GPMI_ECOLI"	"ECOLI"	NA	NA	992299	3258782	6350063	4030062
"GRCA_ECOLI"	"ECOLI"	3926515	4728642	5830217	16664421	18311473	17082454
"GRHPR_HUMAN"	"HUMAN"	NA	NA	693504	NA	650980	NA
"GRP75_HUMAN"	"HUMAN"	16967010	19646723	19145015	17680887	17894471	19715353
"GRP78_HUMAN"	"HUMAN"	22246075	23733340	23348059	21143935	21597488	29218706
"GRPE_ECOLI"	"ECOLI"	NA	NA	NA	5381412	5326988	2955648
"GSHR_HUMAN"	"HUMAN"	NA	728521	NA	NA	NA	NA
"GSTM3_HUMAN"	"HUMAN"	1897076	3803430	2084596	2002535	3619061	2007843
"GSTO1_HUMAN"	"HUMAN"	NA	2762431	NA	2608751	3172251	3063444
"GSTP1_HUMAN"	"HUMAN"	4973873	5370916	12454591	9266341	7914223	9483843
"GT251_HUMAN"	"HUMAN"	2380887	1679324	2718274	1769182	2648412	2631794
"GTF2I_HUMAN"	"HUMAN"	NA	NA	NA	NA	NA	943461
"GUAA_ECOLI"	"ECOLI"	NA	NA	NA	1156172	NA	NA
"GUAD_HUMAN"	"HUMAN"	1766074	1965274	1190693	NA	NA	1060913
"GYRA_ECOLI"	"ECOLI"	NA	NA	3280998	NA	NA	NA
"GYRB_ECOLI"	"ECOLI"	NA	NA	NA	1198428	NA	NA
"H14_HUMAN"	"HUMAN"	54922307	55491392	71765265	59872433	66980026	64526946
"H15_HUMAN"	"HUMAN"	31489277	39161111	42513543	34702808	37919371	36980594
"H1T_HUMAN"	"HUMAN"	51422793	47379405	57000737	41921298	47099647	47930042
"H2A3_HUMAN"	"HUMAN"	2596326	3334807	3099492	3038197	3426773	3581686
"H2AX_HUMAN"	"HUMAN"	49488648	50070777	48533955	46359093	48310358	49038200
"H2AY_HUMAN"	"HUMAN"	4027373	4713491	4503426	4781674	5185180	5356737
"H2AZ_HUMAN"	"HUMAN"	3650178	7921338	3994675	NA	3746895	3531323
"H2B3B_HUMAN"	"HUMAN"	21785254	24359676	NA	24102391	24179617	23820260
"H2BFS_HUMAN"	"HUMAN"	263254830	288494372	294994496	271825202	273451802	294381192
"H33_HUMAN"	"HUMAN"	42803426	NA	50029508	48084152	51270890	49772307
"H3C_HUMAN"	"HUMAN"	103138176	118651712	126545866	108767567	113992004	112759299
"H4_HUMAN"	"HUMAN"	182831664	208757988	217577108	192715604	206131184	216176100
"HAP28_HUMAN"	"HUMAN"	NA	NA	1315477	NA	NA	1283365
"HCD2_HUMAN"	"HUMAN"	6523947	5219225	5699116	6459997	6557977	4666519
"HCDH_HUMAN"	"HUMAN"	2722075	2813714	NA	NA	2017270	3671144
"HCHA_ECOLI"	"ECOLI"	1773700	1926694	2105276	13819180	14668332	14240879
"HDAC2_HUMAN"	"HUMAN"	1750449	2178369	NA	1821877	NA	2219156
"HDEA_ECOLI"	"ECOLI"	1217786	1364415	1377449	4531759	4873657	5185096
"HDEB_ECOLI"	"ECOLI"	NA	NA	NA	1747964	1909209	2022527
"HDGF_HUMAN"	"HUMAN"	2553958	4567114	4372870	3967553	3833690	3919817
"HDHA_ECOLI"	"ECOLI"	NA	NA	NA	2802303	2332346	3065234
"HEXA_HUMAN"	"HUMAN"	1283223	1959171	NA	1722087	NA	NA
"HEXB_HUMAN"	"HUMAN"	2418299	1363531	1759343	1211232	1432032	NA
"HFLK_ECOLI"	"ECOLI"	NA	NA	NA	538751	611069	NA
"HINT_ECOLI"	"ECOLI"	NA	NA	NA	NA	1061806	NA
"HLAH_HUMAN"	"HUMAN"	NA	NA	NA	2143107	NA	NA
"HLDD_ECOLI"	"ECOLI"	NA	NA	NA	3352063	3628317	3705424
"HMGB1_HUMAN"	"HUMAN"	3961999	NA	5475604	NA	5194613	5148975
"HMGB2_HUMAN"	"HUMAN"	3866889	4326806	4245222	5392339	4817532	5057602
"HNRDL_HUMAN"	"HUMAN"	NA	2232310	NA	2454763	NA	NA
"HNRH1_HUMAN"	"HUMAN"	7013764	NA	NA	5441374	5673924	6648638
"HNRH2_HUMAN"	"HUMAN"	5901254	6615098	6775668	6030397	6335265	6618096
"HNRH3_HUMAN"	"HUMAN"	1446525	2433583	5120732	3071111	2523235	2658039
"HNRL1_HUMAN"	"HUMAN"	1160666	NA	NA	1122452	1346695	1326571
"HNRL2_HUMAN"	"HUMAN"	1342038	1522879	1615773	1793524	2018119	2094563
"HNRPC_HUMAN"	"HUMAN"	26653125	30425580	32196927	29106339	31800420	30303574
"HNRPD_HUMAN"	"HUMAN"	6501824	7529607	7722970	9002553	9513754	10021577
"HNRPF_HUMAN"	"HUMAN"	5879062	6529704	5986296	2633200	2581955	2867245
"HNRPK_HUMAN"	"HUMAN"	19043621	22548142	22196388	20921093	21489989	22772748
"HNRPL_HUMAN"	"HUMAN"	4363105	6145071	6454514	5930751	6621424	6728172
"HNRPM_HUMAN"	"HUMAN"	6119581	7184988	8229665	6075716	6944909	8564081
"HNRPQ_HUMAN"	"HUMAN"	5403393	1828873	1983106	4574511	2191759	2091562
"HNRPR_HUMAN"	"HUMAN"	10644026	10193304	10415385	11230792	9418732	11158336
"HNRPU_HUMAN"	"HUMAN"	17229934	18804835	18001207	16964258	17814339	17600165
"HNS_ECOLI"	"ECOLI"	1297875	NA	2542715	7963173	8525462	9103493
"HP1B3_HUMAN"	"HUMAN"	1183714	1691468	995141	1212200	NA	NA
"HPRT_HUMAN"	"HUMAN"	2624678	2946666	3644625	2785049	3711224	3856624
"HS74L_HUMAN"	"HUMAN"	NA	NA	NA	NA	NA	666475
"HS90A_HUMAN"	"HUMAN"	18941438	22036173	20998689	19292875	22489032	20484961
"HS90B_HUMAN"	"HUMAN"	46939923	53119715	45500029	47772017	51612535	53971012
"HSLU_ECOLI"	"ECOLI"	NA	NA	NA	543106	569464	NA
"HSP71_HUMAN"	"HUMAN"	16222540	18402340	18707586	16539725	18327470	18619689
"HSP74_HUMAN"	"HUMAN"	4920882	5564642	5609227	4828958	5050232	5212560
"HSP77_HUMAN"	"HUMAN"	6430372	NA	NA	6936150	7461187	7704128
"HSP7C_HUMAN"	"HUMAN"	41570614	53215671	52090491	45494484	49864482	48304014
"HSPB1_HUMAN"	"HUMAN"	6355188	7249673	14870399	12498123	13797074	13668384
"HTPG_ECOLI"	"ECOLI"	NA	NA	NA	1972584	1872003	2243184
"HUWE1_HUMAN"	"HUMAN"	572486	555182	NA	617465	NA	944162
"HXK1_HUMAN"	"HUMAN"	NA	NA	NA	866046	NA	NA
"HYOU1_HUMAN"	"HUMAN"	NA	1130793	NA	NA	1184093	NA
"ICAL_HUMAN"	"HUMAN"	NA	NA	NA	NA	NA	815031
"IDH3A_HUMAN"	"HUMAN"	794416	1397831	1043009	1804795	NA	981283
"IDHC_HUMAN"	"HUMAN"	858457	992679	1087704	1355993	949542	1810041
"IDH_ECOLI"	"ECOLI"	NA	NA	NA	2042554	2784214	2706521
"IF1AY_HUMAN"	"HUMAN"	NA	NA	NA	657288	829195	NA
"IF2A_HUMAN"	"HUMAN"	1467579	NA	1721304	NA	NA	NA
"IF2G_HUMAN"	"HUMAN"	2084930	2417302	2602451	1928980	2421852	2620071
"IF2_ECOLI"	"ECOLI"	NA	NA	NA	1934685	2127712	2168841
"IF3_ECOLI"	"ECOLI"	NA	NA	NA	5101341	5099592	4966138
"IF4A1_HUMAN"	"HUMAN"	8881531	8430208	6457880	5584043	5765372	7856338
"IF4A2_HUMAN"	"HUMAN"	15271792	17465764	18443963	15299196	16628304	17227158
"IF4A3_HUMAN"	"HUMAN"	5569481	4855445	NA	NA	5015708	4619002
"IF4G1_HUMAN"	"HUMAN"	1197417	1355772	NA	1628879	1670301	1000530
"IF5A1_HUMAN"	"HUMAN"	NA	NA	2595394	2606295	NA	2563030
"IF5AL_HUMAN"	"HUMAN"	2876076	4495537	2853065	3729667	3650913	4884291
"IF6_HUMAN"	"HUMAN"	NA	1215927	1882094	665209	1128495	1178588
"IHFA_ECOLI"	"ECOLI"	NA	NA	NA	2003182	NA	NA
"ILF2_HUMAN"	"HUMAN"	4468246	5009609	5109130	2814421	2922871	2949616
"ILF3_HUMAN"	"HUMAN"	3030041	3968118	5284690	NA	2844637	5095704
"IMA1_HUMAN"	"HUMAN"	1481709	1716090	1654152	NA	NA	1646906
"IMB1_HUMAN"	"HUMAN"	3997683	4774894	4874245	5368600	5177503	5435649
"IMDH2_HUMAN"	"HUMAN"	4027142	4805519	4940127	4685541	4901206	4903388
"IMDH_ECOLI"	"ECOLI"	NA	NA	NA	894297	1001372	1024646
"IMMT_HUMAN"	"HUMAN"	NA	1203826	772046	1538133	1334117	753142
"IPO5_HUMAN"	"HUMAN"	1523522	1091408	2245144	1190767	1639225	2354068
"IPO7_HUMAN"	"HUMAN"	1469017	1718290	747913	1389953	716187	1522590
"IPYR_ECOLI"	"ECOLI"	NA	NA	NA	5094335	4742419	5344620
"IPYR_HUMAN"	"HUMAN"	857206	826436	804973	953934	1737178	908598
"IQGA1_HUMAN"	"HUMAN"	3032815	3345196	3186107	2872109	3185003	2999569
"ISG15_HUMAN"	"HUMAN"	2554058	1907444	1293654	2645123	943419	555327
"ITAV_HUMAN"	"HUMAN"	433239	NA	NA	NA	NA	NA
"ITB1_HUMAN"	"HUMAN"	2586891	2653374	2711473	2643041	1975372	3208651
"IVY_ECOLI"	"ECOLI"	NA	NA	NA	562600	553973	757210
"K1C10_HUMAN"	"HUMAN"	1504005	1477463	NA	NA	NA	NA
"K1C15_HUMAN"	"HUMAN"	8303500	9937198	NA	NA	NA	9290499
"K1C17_HUMAN"	"HUMAN"	5947572	6766016	7183745	5915408	7105108	5242256
"K1C18_HUMAN"	"HUMAN"	15788177	19444742	20180366	16806155	17173675	17385788
"K1C9_HUMAN"	"HUMAN"	218429	1992319	676837	1553771	NA	NA
"K1PF_ECOLI"	"ECOLI"	NA	718678	671493	3460408	3360393	3533246
"K2C1_HUMAN"	"HUMAN"	4509405	4379936	4175044	2930389	3059941	2738636
"K2C7_HUMAN"	"HUMAN"	12466251	13441027	15692795	12664805	13507390	26571145
"K2C8_HUMAN"	"HUMAN"	17334398	19999916	21443052	18471979	18033319	18169915
"K6PF1_ECOLI"	"ECOLI"	1214541	1480008	NA	5876517	6270002	6481645
"K6PL_HUMAN"	"HUMAN"	NA	362310	367775	NA	NA	430285
"K6PP_HUMAN"	"HUMAN"	722562	2001030	NA	1909746	1681834	NA
"KAD2_HUMAN"	"HUMAN"	6213341	7005537	6725478	5926015	3983206	3961930
"KAD_ECOLI"	"ECOLI"	NA	NA	NA	6488787	6167429	6464917
"KATG_ECOLI"	"ECOLI"	1020940	NA	NA	6504442	6876493	7634406
"KCRB_HUMAN"	"HUMAN"	7059638	7967548	8111125	7045860	7699906	7902025
"KDSD_ECOLI"	"ECOLI"	NA	NA	NA	912583	NA	NA
"KHDR1_HUMAN"	"HUMAN"	NA	NA	2124758	NA	NA	NA
"KINH_HUMAN"	"HUMAN"	505893	NA	NA	NA	NA	NA
"KPRS_ECOLI"	"ECOLI"	NA	NA	NA	3528473	3082089	3290054
"KPYK1_ECOLI"	"ECOLI"	2010494	1821014	2889919	11111141	10267763	11708598
"KPYK2_ECOLI"	"ECOLI"	NA	NA	NA	5656664	6463708	6708667
"KPYM_HUMAN"	"HUMAN"	48804960	44959799	31627626	51942392	43078221	42826674
"KYNU_HUMAN"	"HUMAN"	4689741	5809739	2155311	4957685	5428803	2146180
"L1CAM_HUMAN"	"HUMAN"	919817	NA	1315325	1122937	1515922	1446795
"LAMP1_HUMAN"	"HUMAN"	7427603	8873363	9332899	4660348	8660468	4451379
"LAMP2_HUMAN"	"HUMAN"	4006616	4445457	4134194	4026696	4303077	4496873
"LANC1_HUMAN"	"HUMAN"	1454554	NA	NA	NA	NA	NA
"LAP2B_HUMAN"	"HUMAN"	1900763	2000524	NA	1666036	2004792	1306373
"LAT1_HUMAN"	"HUMAN"	2450077	2510582	4203486	2381715	5287103	2278487
"LA_HUMAN"	"HUMAN"	774234	1401189	1166840	1304633	1149457	1516379
"LC7L2_HUMAN"	"HUMAN"	NA	NA	NA	1185370	NA	NA
"LDCI_ECOLI"	"ECOLI"	NA	NA	NA	1325166	1442444	1316606
"LDHA_HUMAN"	"HUMAN"	27733010	34955996	34145529	30688625	31876502	32608431
"LDHB_HUMAN"	"HUMAN"	23350691	27113800	30362287	25273771	28183205	27939732
"LEG1_HUMAN"	"HUMAN"	5098264	3884367	3879075	6257976	6844870	6637848
"LETM1_HUMAN"	"HUMAN"	NA	293012	NA	NA	NA	NA
"LGUL_HUMAN"	"HUMAN"	NA	NA	2488846	853334	2576346	2535667
"LMAN2_HUMAN"	"HUMAN"	NA	NA	2471935	NA	NA	7333217
"LMNA_HUMAN"	"HUMAN"	15310887	18250540	18075163	10339099	11740785	11436962
"LMNB1_HUMAN"	"HUMAN"	4728261	3734012	3637740	4636156	3179628	3657884
"LMNB2_HUMAN"	"HUMAN"	NA	NA	5291471	NA	NA	NA
"LONM_HUMAN"	"HUMAN"	946808	1543674	1101927	NA	1679900	1932806
"LON_ECOLI"	"ECOLI"	NA	NA	NA	1054047	825374	617928
"LPPRC_HUMAN"	"HUMAN"	1744967	2071005	2027000	1822666	1954246	2605976
"LPP_ECOLI"	"ECOLI"	1829676	2163576	2271853	6323828	6769197	6873655
"LRC59_HUMAN"	"HUMAN"	5493762	6302497	6299027	5781534	5800936	4881083
"MALE_ECOLI"	"ECOLI"	NA	NA	NA	845609	NA	1209072
"MANF_HUMAN"	"HUMAN"	NA	NA	NA	NA	1295993	NA
"MAO1_ECOLI"	"ECOLI"	NA	NA	NA	1826468	1759486	NA
"MAP4_HUMAN"	"HUMAN"	1688086	2125054	1798297	1403739	1631973	1477712
"MARE1_HUMAN"	"HUMAN"	NA	632243	1141896	NA	NA	697826
"MASY_ECOLI"	"ECOLI"	1695481	NA	2752765	16533413	18436256	18291187
"MAT2B_HUMAN"	"HUMAN"	1459241	804436	737904	2005606	835850	1766394
"MATR3_HUMAN"	"HUMAN"	4021695	4487504	4487052	3807412	1714173	4864514
"MBB1A_HUMAN"	"HUMAN"	NA	NA	911017	551853	NA	882307
"MBHL_ECOLI"	"ECOLI"	NA	NA	NA	3120835	1619896	1629845
"MCM2_HUMAN"	"HUMAN"	2693930	3139942	2507254	3090651	2777402	2937456
"MCM3_HUMAN"	"HUMAN"	2455443	2158139	2059766	2727656	2169957	2578666
"MCM4_HUMAN"	"HUMAN"	1632639	1291265	NA	1292432	1080342	1386268
"MCM5_HUMAN"	"HUMAN"	1999477	3425371	2275106	2051967	2361607	3073416
"MCM6_HUMAN"	"HUMAN"	2093285	2438271	2218608	2184950	1900644	1824019
"MCM7_HUMAN"	"HUMAN"	2139989	2090629	2827298	2208024	3003147	2797570
"MDHC_HUMAN"	"HUMAN"	6281180	7734708	7164847	6467301	6462882	7340736
"MDHM_HUMAN"	"HUMAN"	17291185	19547378	20010921	17903621	19135794	19764983
"MDH_ECOLI"	"ECOLI"	927057	2518948	2593154	11369024	12000581	12412839
"MDTE_ECOLI"	"ECOLI"	NA	NA	NA	548633	736181	896387
"METK2_HUMAN"	"HUMAN"	1474180	1661429	NA	NA	NA	NA
"MIF_HUMAN"	"HUMAN"	11326295	12440375	12336638	11793660	12526271	12827482
"ML12B_HUMAN"	"HUMAN"	NA	NA	NA	NA	3929146	4272748
"MOES_HUMAN"	"HUMAN"	7067704	9166303	9073971	7617637	8900402	8326538
"MPCP_HUMAN"	"HUMAN"	5393921	5299116	11873553	4721487	9905697	NA
"MPPB_HUMAN"	"HUMAN"	NA	NA	1014368	879203	963906	901041
"MREB_ECOLI"	"ECOLI"	NA	NA	NA	4450617	4468978	3725222
"MSCS_ECOLI"	"ECOLI"	NA	NA	NA	4578607	NA	NA
"MTAP_HUMAN"	"HUMAN"	711279	1147286	902687	NA	NA	NA
"MTCH2_HUMAN"	"HUMAN"	NA	NA	3139630	2818295	3568813	3495243
"MTNN_ECOLI"	"ECOLI"	NA	NA	NA	NA	NA	1053359
"MYH9_HUMAN"	"HUMAN"	5702121	8041439	8362332	6871352	7409065	7674774
"MYL6_HUMAN"	"HUMAN"	6435720	7380925	7912972	6639274	7083890	7034831
"MYL9_HUMAN"	"HUMAN"	NA	3280727	3478563	2702895	2915366	2863987
"MYO1C_HUMAN"	"HUMAN"	454706	NA	NA	484305	505617	NA
"MYOF_HUMAN"	"HUMAN"	NA	NA	NA	NA	NA	1049076
"NACA_HUMAN"	"HUMAN"	2447149	2957476	4978574	2449359	4367314	4506679
"NADE_ECOLI"	"ECOLI"	NA	NA	NA	740210	NA	731989
"NAGB_ECOLI"	"ECOLI"	NA	NA	NA	NA	NA	1428297
"NASP_HUMAN"	"HUMAN"	2093345	3246132	3430042	1798481	1889937	3601186
"NDKB_HUMAN"	"HUMAN"	26335332	30888096	33801125	28882350	30823815	28169894
"NDUA4_HUMAN"	"HUMAN"	NA	NA	1652807	NA	NA	1719254
"NHRF1_HUMAN"	"HUMAN"	951326	1032776	NA	942808	1987131	2123519
"NIBL1_HUMAN"	"HUMAN"	1814138	3585750	1981859	1654618	1762487	1552525
"NNTM_HUMAN"	"HUMAN"	5534365	6779573	8678731	6873913	5116289	6506489
"NOLC1_HUMAN"	"HUMAN"	NA	NA	NA	NA	3619523	3288419
"NONO_HUMAN"	"HUMAN"	4562294	4594038	2244677	3394102	4884529	2093671
"NOP2_HUMAN"	"HUMAN"	1245963	NA	965946	692978	773422	820903
"NOP56_HUMAN"	"HUMAN"	1119439	NA	NA	NA	NA	1002110
"NP1L1_HUMAN"	"HUMAN"	1119994	NA	2455639	1991752	2222423	3134093
"NP1L4_HUMAN"	"HUMAN"	NA	NA	NA	1599693	NA	NA
"NPM_HUMAN"	"HUMAN"	31339748	36441719	35652592	33100233	33628121	36306155
"NQO1_HUMAN"	"HUMAN"	4196607	4315727	6489329	6238041	6345633	6059904
"NQOR_ECOLI"	"ECOLI"	1926996	1595268	1860057	8350468	7724737	8828931
"NSUN2_HUMAN"	"HUMAN"	3336726	3338183	3421434	3310418	2844461	2496685
"NUCL_HUMAN"	"HUMAN"	14261659	15181054	15937706	14860187	15342886	15902134
"NUDC_HUMAN"	"HUMAN"	NA	NA	1871231	NA	NA	NA
"NUMA1_HUMAN"	"HUMAN"	404935	NA	585162	439659	NA	495690
"NUOCD_ECOLI"	"ECOLI"	NA	NA	NA	697449	NA	765215
"NUSG_ECOLI"	"ECOLI"	NA	NA	NA	1336757	2357918	3045620
"OBG_ECOLI"	"ECOLI"	NA	NA	NA	499755	NA	NA
"ODO1_HUMAN"	"HUMAN"	965038	NA	NA	1270856	NA	NA
"ODO2_HUMAN"	"HUMAN"	NA	3265492	3040623	2678065	1079642	2725867
"ODP1_ECOLI"	"ECOLI"	4257910	NA	1021446	12001206	12810467	13066343
"ODP2_ECOLI"	"ECOLI"	NA	NA	NA	5997843	5667363	5853717
"ODPA_HUMAN"	"HUMAN"	4569832	4594012	4968741	4289826	5219845	5424105
"ODPB_HUMAN"	"HUMAN"	3084985	3293291	3288593	3240641	3184604	3236517
"OMPA_ECOLI"	"ECOLI"	11396835	17297570	17514884	53800352	59254054	59641778
"OMPT_ECOLI"	"ECOLI"	NA	NA	NA	4759109	4981809	4535811
"OMPW_ECOLI"	"ECOLI"	NA	NA	NA	2428322	NA	NA
"OPDA_ECOLI"	"ECOLI"	NA	NA	NA	797805	NA	NA
"OSMC_ECOLI"	"ECOLI"	1924667	NA	NA	10122955	10964436	11337655
"OSME_ECOLI"	"ECOLI"	NA	NA	NA	8506800	9018929	9532312
"OSMY_ECOLI"	"ECOLI"	NA	NA	2145385	9159616	10123738	10333836
"OST48_HUMAN"	"HUMAN"	4098736	4461348	3041166	3516898	4357560	2544967
"OTSA_ECOLI"	"ECOLI"	NA	NA	NA	NA	824433	NA
"OTUB1_HUMAN"	"HUMAN"	NA	NA	NA	NA	NA	789041
"P3H1_HUMAN"	"HUMAN"	NA	1292867	1402978	645701	762822	1434815
"P5CS_HUMAN"	"HUMAN"	NA	NA	1274652	1450863	2285111	1332869
"PA1B2_HUMAN"	"HUMAN"	1034931	1000297	1132444	1321046	1284480	NA
"PA2G4_HUMAN"	"HUMAN"	4859702	4328623	5019539	5221911	4732441	5972396
"PABP3_HUMAN"	"HUMAN"	NA	2956190	3086462	NA	6346082	3257455
"PABP4_HUMAN"	"HUMAN"	2553220	2854330	3818892	4505935	3890348	4031802
"PAIP1_HUMAN"	"HUMAN"	NA	935273	1079793	NA	NA	NA
"PAIRB_HUMAN"	"HUMAN"	3204046	3382144	4497527	3012960	3050713	3086741
"PANB_ECOLI"	"ECOLI"	NA	NA	NA	2955235	2599582	3410582
"PAP1L_HUMAN"	"HUMAN"	2461798	2966748	2508817	2556433	3630393	2821466
"PARK7_HUMAN"	"HUMAN"	7700342	11482185	7967814	10493970	7541095	7266925
"PARP1_HUMAN"	"HUMAN"	5541851	5978753	6322455	5660802	5828072	6049737
"PCAT1_HUMAN"	"HUMAN"	NA	NA	NA	485586	597173	NA
"PCBP1_HUMAN"	"HUMAN"	7457030	8340505	8351969	7592054	7001122	5178185
"PCBP2_HUMAN"	"HUMAN"	8484201	9742764	9972335	8213545	9380285	8914659
"PCKA_ECOLI"	"ECOLI"	NA	NA	539580	5112018	4697152	5382497
"PCNA_HUMAN"	"HUMAN"	3797776	6191605	7491645	6408317	7126949	7274297
"PDC6I_HUMAN"	"HUMAN"	1038960	1119522	1667068	1341292	1408338	1596546
"PDCD5_HUMAN"	"HUMAN"	1446054	1596741	1527827	2643706	1401224	1488741
"PDCD6_HUMAN"	"HUMAN"	2140857	4350993	5561585	2005340	4472404	2132478
"PDIA1_HUMAN"	"HUMAN"	7499325	16740719	17073717	10401568	15903839	10947483
"PDIA3_HUMAN"	"HUMAN"	13088663	15115992	15121930	13684506	14067566	14579453
"PDIA4_HUMAN"	"HUMAN"	2822651	2540871	1221596	1677612	1087604	1558244
"PDIA6_HUMAN"	"HUMAN"	9020963	10679548	10857841	9586909	10187502	10698494
"PEBP1_HUMAN"	"HUMAN"	3792596	4402451	3106100	3607369	3875070	4079493
"PEPB_ECOLI"	"ECOLI"	NA	NA	NA	1342467	1514922	1570657
"PEPD_ECOLI"	"ECOLI"	NA	NA	NA	2626032	1437599	874691
"PEPQ_ECOLI"	"ECOLI"	NA	NA	NA	1643756	1829127	1705941
"PFD2_HUMAN"	"HUMAN"	NA	NA	NA	1305194	NA	NA
"PFD3_HUMAN"	"HUMAN"	NA	NA	NA	NA	940789	NA
"PFD5_HUMAN"	"HUMAN"	NA	759898	783688	NA	NA	NA
"PFLB_ECOLI"	"ECOLI"	7841913	9398574	8865628	34864592	38133195	39386248
"PGAM1_HUMAN"	"HUMAN"	NA	2901747	3037327	2428457	NA	2792140
"PGAM4_HUMAN"	"HUMAN"	5887505	6133044	5395705	5066110	5193315	5265664
"PGK1_HUMAN"	"HUMAN"	27863423	31197693	30701631	28460419	29561055	30952240
"PGK2_HUMAN"	"HUMAN"	12663956	15230242	15960372	13472455	14237561	14434380
"PGK_ECOLI"	"ECOLI"	30436742	33227493	22812614	119074288	127426540	97544473
"PGM1_HUMAN"	"HUMAN"	587610	842119	1646286	NA	812811	785349
"PHB2_HUMAN"	"HUMAN"	6644033	7384052	7100612	6705571	6263893	6466300
"PHB_HUMAN"	"HUMAN"	9162853	10606740	10319745	9138398	9832424	10104367
"PHOL_ECOLI"	"ECOLI"	NA	NA	NA	1892899	1830014	NA
"PLAK_HUMAN"	"HUMAN"	620441	964288	930262	463261	425746	NA
"PLEC_HUMAN"	"HUMAN"	9187454	10255721	9424305	8767149	9356221	9380006
"PLOD1_HUMAN"	"HUMAN"	1285433	1410796	775736	NA	1134796	1127001
"PLP2_HUMAN"	"HUMAN"	1531054	1716057	1819721	1538754	1693642	1704331
"PLSB_ECOLI"	"ECOLI"	NA	NA	NA	764331	NA	NA
"PLST_HUMAN"	"HUMAN"	2370958	2544371	3025025	3395358	3425668	3606571
"PMBA_ECOLI"	"ECOLI"	NA	6044136	NA	NA	NA	NA
"PNPH_HUMAN"	"HUMAN"	902863	NA	NA	NA	NA	NA
"PNP_ECOLI"	"ECOLI"	NA	NA	NA	3794545	5632992	1227029
"PODXL_HUMAN"	"HUMAN"	NA	NA	NA	NA	NA	2553412
"POTEE_HUMAN"	"HUMAN"	16266317	15552553	18961331	12287358	12805397	14217556
"POTEJ_HUMAN"	"HUMAN"	18530603	21665709	23359842	19755063	21416629	20464977
"POXB_ECOLI"	"ECOLI"	NA	NA	NA	3829475	2891331	4231569
"PP1G_HUMAN"	"HUMAN"	1088506	1243566	1551439	970693	1347307	1526103
"PP2AB_HUMAN"	"HUMAN"	1314136	1893586	NA	NA	NA	NA
"PPAC_HUMAN"	"HUMAN"	NA	1782198	NA	NA	NA	NA
"PPIA_HUMAN"	"HUMAN"	44804611	51397624	53233350	46183921	49804577	50795958
"PPIB_ECOLI"	"ECOLI"	NA	NA	NA	2158616	1343954	NA
"PPIB_HUMAN"	"HUMAN"	9911818	10173879	11658881	11374438	10378462	9078989
"PPIC_HUMAN"	"HUMAN"	NA	NA	3251733	NA	NA	2896102
"PRDX1_HUMAN"	"HUMAN"	47110051	55064896	59392924	48873036	53000148	54216010
"PRDX2_HUMAN"	"HUMAN"	33546741	39612453	40456273	34578739	36135767	35929906
"PRDX3_HUMAN"	"HUMAN"	13368835	NA	6021091	NA	NA	NA
"PRDX4_HUMAN"	"HUMAN"	36542922	42244995	43849674	41048346	44636958	45613383
"PRDX5_HUMAN"	"HUMAN"	11470576	10785847	14176458	13030060	12924377	13468454
"PRDX6_HUMAN"	"HUMAN"	13352250	14469467	15418166	13276520	13772206	14416679
"PRKDC_HUMAN"	"HUMAN"	6303416	12411971	12725177	6483573	8408795	6798645
"PROF1_HUMAN"	"HUMAN"	25734656	29153162	29771637	25082760	26559354	28108664
"PRP19_HUMAN"	"HUMAN"	1609583	2233932	2229082	1856375	NA	NA
"PRP8_HUMAN"	"HUMAN"	1343371	1348231	1590251	1140013	2159130	1278722
"PRS10_HUMAN"	"HUMAN"	933509	1461484	1508582	1460320	1155556	1321505
"PRS4_HUMAN"	"HUMAN"	NA	NA	NA	572690	865938	NA
"PRS6A_HUMAN"	"HUMAN"	681322	974371	860235	885693	728873	NA
"PRS8_HUMAN"	"HUMAN"	1800955	1297231	NA	1891589	349357	NA
"PSA1_HUMAN"	"HUMAN"	2743473	2903851	3838305	2859946	3652076	3739169
"PSA2_HUMAN"	"HUMAN"	2030528	1551197	1655753	1589170	NA	1018618
"PSA3_HUMAN"	"HUMAN"	NA	2333953	2552429	NA	NA	2142717
"PSA4_HUMAN"	"HUMAN"	2510547	1476330	1901779	1678636	1597149	2764940
"PSA5_HUMAN"	"HUMAN"	3564873	4207645	2635275	3966251	4042050	3540459
"PSA6_HUMAN"	"HUMAN"	1495425	2278734	2098529	1260617	1352736	2073651
"PSA7_HUMAN"	"HUMAN"	1636718	3384155	1955521	1965320	1811878	3114942
"PSA_HUMAN"	"HUMAN"	1293393	8495332	8317526	1058819	4129224	4658041
"PSB3_HUMAN"	"HUMAN"	1419064	2358916	2210361	NA	1433834	2148877
"PSB5_HUMAN"	"HUMAN"	NA	1216476	1275287	1061069	1534166	NA
"PSB6_HUMAN"	"HUMAN"	NA	NA	NA	NA	819303	NA
"PSD11_HUMAN"	"HUMAN"	838232	1042916	1252769	508964	699119	650348
"PSIP1_HUMAN"	"HUMAN"	1217937	1169767	1304585	1153446	1674185	1919060
"PSMD1_HUMAN"	"HUMAN"	NA	808043	NA	NA	1090757	NA
"PSMD2_HUMAN"	"HUMAN"	1380384	2009380	2192313	1194148	1990965	2119944
"PSMD3_HUMAN"	"HUMAN"	950758	1455065	1445375	960466	916634	1290491
"PSMD5_HUMAN"	"HUMAN"	1013534	NA	1033904	848262	794231	NA
"PSME2_HUMAN"	"HUMAN"	NA	NA	NA	575016	NA	NA
"PSME3_HUMAN"	"HUMAN"	523942	1455065	NA	611760	NA	1407957
"PT1_ECOLI"	"ECOLI"	NA	684662	1797101	5832431	5501128	7318533
"PTA_ECOLI"	"ECOLI"	NA	NA	NA	4195465	6722296	5459861
"PTBP1_HUMAN"	"HUMAN"	7112896	9971490	9562820	9195168	9017510	9704268
"PTFBC_ECOLI"	"ECOLI"	2397316	4051231	3658221	25504481	31549549	32819829
"PTGA_ECOLI"	"ECOLI"	NA	NA	NA	8668077	8709180	8631725
"PTM3C_ECOLI"	"ECOLI"	NA	NA	NA	835492	881163	966711
"PTNAB_ECOLI"	"ECOLI"	2018594	NA	NA	5714553	6235413	6444641
"PTND_ECOLI"	"ECOLI"	NA	NA	NA	NA	1665279	1722867
"PUR2_HUMAN"	"HUMAN"	2334655	2719211	2833740	2727876	3357936	3234790
"PUR4_HUMAN"	"HUMAN"	927229	NA	1433263	NA	NA	NA
"PUR6_HUMAN"	"HUMAN"	3289850	3573574	3648759	2949036	3570433	3638299
"PUR9_HUMAN"	"HUMAN"	3675215	3918456	4111812	3169363	4121254	4722974
"PURA_ECOLI"	"ECOLI"	3234304	NA	502969	5950007	6438944	5575868
"PYC_HUMAN"	"HUMAN"	1021851	1422310	NA	620084	NA	464022
"PYR1_HUMAN"	"HUMAN"	1250958	1338031	2065074	3929983	NA	1302548
"PYRG_ECOLI"	"ECOLI"	NA	NA	NA	NA	NA	680726
"QCR1_HUMAN"	"HUMAN"	2714110	2931135	3289565	2655636	2915110	2792090
"QCR2_HUMAN"	"HUMAN"	1490575	2209057	2272248	1078977	1713448	2453562
"QOR1_ECOLI"	"ECOLI"	NA	NA	NA	NA	1014161	NA
"RAB14_HUMAN"	"HUMAN"	NA	861094	NA	NA	NA	NA
"RAB1C_HUMAN"	"HUMAN"	1377854	864118	NA	NA	1105015	1159412
"RAB5C_HUMAN"	"HUMAN"	1466346	1729834	1403353	739618	1046959	1000778
"RAB7A_HUMAN"	"HUMAN"	NA	1714075	1702905	1503516	2816115	2802985
"RAB8B_HUMAN"	"HUMAN"	5520002	7111784	NA	6026799	7112855	6860482
"RADI_HUMAN"	"HUMAN"	17092530	19573050	19205273	18325224	19061505	19795313
"RAIA_ECOLI"	"ECOLI"	NA	NA	NA	NA	NA	2092225
"RANG_HUMAN"	"HUMAN"	1781225	NA	2411764	1967276	2152434	2222879
"RAN_HUMAN"	"HUMAN"	8524285	8932486	10782330	7977904	10200969	10837349
"RB43L_HUMAN"	"HUMAN"	6489683	6670065	7395655	6150323	6409959	6395386
"RBBP7_HUMAN"	"HUMAN"	4137872	4461842	4430652	NA	4671564	4677758
"RBFA_ECOLI"	"ECOLI"	NA	NA	NA	444715	429528	NA
"RBM14_HUMAN"	"HUMAN"	1111604	1987912	1973689	1143034	2009442	1696430
"RBMX_HUMAN"	"HUMAN"	3053181	NA	3878794	3174107	NA	NA
"RBP56_HUMAN"	"HUMAN"	2690218	3084454	NA	2818946	2718218	NA
"RBSB_ECOLI"	"ECOLI"	10695289	12431376	12641415	40724574	43540788	45505016
"RBSD_ECOLI"	"ECOLI"	NA	NA	NA	2030825	2249639	2288952
"RCC1_HUMAN"	"HUMAN"	NA	1423305	1492240	1495132	1483762	1528881
"RCC2_HUMAN"	"HUMAN"	3779712	4385610	4972623	3074592	3454783	4291143
"RCN1_HUMAN"	"HUMAN"	1221693	NA	NA	NA	1330802	1293759
"RECA_ECOLI"	"ECOLI"	NA	NA	NA	467389	2641667	3031804
"RECQ1_HUMAN"	"HUMAN"	NA	NA	NA	1803872	NA	2079530
"RF2_ECOLI"	"ECOLI"	NA	NA	NA	NA	985407	NA
"RHOC_HUMAN"	"HUMAN"	NA	NA	NA	NA	NA	2582240
"RHO_ECOLI"	"ECOLI"	NA	NA	NA	1069384	2482426	2950905
"RIDA_ECOLI"	"ECOLI"	NA	NA	NA	6448103	7145465	6970666
"RIHA_ECOLI"	"ECOLI"	NA	NA	NA	NA	NA	787725
"RINI_HUMAN"	"HUMAN"	1706124	2140777	1365220	1654078	NA	1754312
"RIR1_HUMAN"	"HUMAN"	356315	NA	NA	NA	NA	1374058
"RISB_ECOLI"	"ECOLI"	NA	NA	NA	1137181	795333	1471194
"RL10A_HUMAN"	"HUMAN"	6059474	6919604	10955631	6046858	9427099	7934763
"RL10_ECOLI"	"ECOLI"	5792921	5604735	5302108	22491806	25902107	27274665
"RL11_ECOLI"	"ECOLI"	2862980	3813106	2633122	13403564	14310084	14086459
"RL11_HUMAN"	"HUMAN"	NA	NA	4475521	4162632	3693836	3864060
"RL12_HUMAN"	"HUMAN"	7590237	8439136	8378998	7527611	6171632	8111404
"RL13A_HUMAN"	"HUMAN"	NA	NA	5331726	NA	5202858	4900787
"RL13_ECOLI"	"ECOLI"	516577	NA	NA	5746282	5991436	4849472
"RL13_HUMAN"	"HUMAN"	10545636	8931436	NA	7773239	NA	NA
"RL14_ECOLI"	"ECOLI"	NA	821692	NA	2724682	2804731	2896489
"RL14_HUMAN"	"HUMAN"	10759541	11286771	12088797	14439872	14037685	15216815
"RL15_ECOLI"	"ECOLI"	NA	2332470	NA	12779525	13909300	14516338
"RL15_HUMAN"	"HUMAN"	4803796	5727144	6082406	2195959	5382235	5544049
"RL16_ECOLI"	"ECOLI"	NA	NA	NA	7872207	NA	NA
"RL17_ECOLI"	"ECOLI"	NA	NA	NA	12959522	10196935	10006414
"RL17_HUMAN"	"HUMAN"	NA	4359897	4893725	4568703	4843930	NA
"RL18A_HUMAN"	"HUMAN"	3483253	4026037	4044037	3439345	4227660	4442329
"RL18_ECOLI"	"ECOLI"	2749911	2982514	NA	10968373	11061869	12037939
"RL18_HUMAN"	"HUMAN"	15903012	18448173	19111792	16012360	17728788	18264682
"RL19_ECOLI"	"ECOLI"	NA	NA	NA	6717589	7543054	7326330
"RL1D1_HUMAN"	"HUMAN"	912043	NA	NA	NA	805799	NA
"RL1_ECOLI"	"ECOLI"	3654448	3204583	3896206	15885190	29107277	18796722
"RL20_ECOLI"	"ECOLI"	NA	NA	NA	5826930	NA	5325354
"RL21_ECOLI"	"ECOLI"	2551740	NA	3232363	9479250	10638728	10870009
"RL21_HUMAN"	"HUMAN"	6934168	8366006	8626864	8011557	7773609	8191594
"RL22_ECOLI"	"ECOLI"	NA	NA	NA	2550348	6717856	5435302
"RL22_HUMAN"	"HUMAN"	9157253	10598644	11139973	9988359	10683692	10884891
"RL23A_HUMAN"	"HUMAN"	5825167	6272037	NA	NA	5817226	5545677
"RL23_HUMAN"	"HUMAN"	5963281	6648548	7012054	8765117	5307305	9824917
"RL24_ECOLI"	"ECOLI"	NA	NA	NA	7752981	8407626	8549640
"RL24_HUMAN"	"HUMAN"	6527642	7582001	10087042	6618761	9700832	10158276
"RL26_HUMAN"	"HUMAN"	7000317	NA	NA	NA	7887895	7466258
"RL27A_HUMAN"	"HUMAN"	10774719	12284667	12262135	11497046	12194799	12880943
"RL27_HUMAN"	"HUMAN"	6129574	NA	7599492	6163748	NA	NA
"RL28_HUMAN"	"HUMAN"	1936989	3108042	2483553	1939895	2157398	2146563
"RL29_ECOLI"	"ECOLI"	NA	NA	NA	4404662	2955791	3269460
"RL2_ECOLI"	"ECOLI"	NA	NA	NA	10872719	11883280	11713361
"RL30_ECOLI"	"ECOLI"	NA	NA	NA	NA	10441585	10270798
"RL30_HUMAN"	"HUMAN"	8291940	9424084	11719068	8647586	10903855	12146938
"RL31_ECOLI"	"ECOLI"	NA	NA	NA	2028877	NA	2437159
"RL31_HUMAN"	"HUMAN"	6696138	7871940	7611189	6192182	6999156	6890891
"RL32_ECOLI"	"ECOLI"	NA	NA	NA	2222853	2252772	2578014
"RL32_HUMAN"	"HUMAN"	3582692	4199748	5945088	3835932	4296528	3893990
"RL35A_HUMAN"	"HUMAN"	3661723	6318705	2086822	964809	1044611	NA
"RL35_HUMAN"	"HUMAN"	5755352	6886237	NA	NA	6567584	NA
"RL36_HUMAN"	"HUMAN"	NA	NA	NA	NA	8148439	8088507
"RL37A_HUMAN"	"HUMAN"	NA	NA	2242017	NA	2065867	1922275
"RL38_HUMAN"	"HUMAN"	1837034	2145109	NA	NA	NA	NA
"RL3_ECOLI"	"ECOLI"	NA	2665102	NA	13137460	13746411	13766138
"RL3_HUMAN"	"HUMAN"	4393834	6807580	5349999	6308788	6901303	6377170
"RL4_ECOLI"	"ECOLI"	2189996	2605650	3013031	12429815	12232514	12331240
"RL4_HUMAN"	"HUMAN"	15547426	16759977	17979323	15540255	17020775	16794178
"RL5_ECOLI"	"ECOLI"	1638216	1492768	2350600	8465976	10874903	11411296
"RL5_HUMAN"	"HUMAN"	10985887	12360423	12860770	11080016	11653046	12022608
"RL6_ECOLI"	"ECOLI"	3533927	5076705	5003979	16917865	16307185	15608922
"RL6_HUMAN"	"HUMAN"	17527428	19972814	19854162	17751389	18639560	18310256
"RL7A_HUMAN"	"HUMAN"	9702844	11143452	11389160	9935597	10078838	10175482
"RL7_ECOLI"	"ECOLI"	NA	NA	2980789	17101361	17560982	17248258
"RL7_HUMAN"	"HUMAN"	13964642	16882742	15759653	13643953	13742226	14294192
"RL8_HUMAN"	"HUMAN"	7956250	9315693	9403009	7777301	8784671	8111037
"RL9_ECOLI"	"ECOLI"	2637680	2938315	1942737	11631539	13411498	13479708
"RL9_HUMAN"	"HUMAN"	5594630	6430072	7096879	5511184	5557244	6108318
"RLA0_HUMAN"	"HUMAN"	10477555	11764181	11478477	10541775	11383972	9480317
"RLA2_HUMAN"	"HUMAN"	12517872	14717227	15055218	14095005	14831736	15872841
"RMF_ECOLI"	"ECOLI"	NA	NA	NA	3513382	3918039	4031589
"RMXL1_HUMAN"	"HUMAN"	3179459	3353903	NA	2886976	3162638	3496120
"RNBP6_HUMAN"	"HUMAN"	1065434	NA	1256437	1706095	1319544	1329244
"ROA1_HUMAN"	"HUMAN"	12796988	14911430	14828506	18863883	20493178	21344460
"ROA2_HUMAN"	"HUMAN"	20508252	24175513	26034916	24032386	25674205	25704356
"ROA3_HUMAN"	"HUMAN"	8190503	10549087	10917707	8578205	9971092	9547666
"ROAA_HUMAN"	"HUMAN"	9041585	10374121	10949763	9330026	10066752	10468629
"RP1BL_HUMAN"	"HUMAN"	NA	NA	NA	NA	1002743	1171378
"RPIA_ECOLI"	"ECOLI"	NA	NA	NA	NA	1615662	NA
"RPN1_HUMAN"	"HUMAN"	6015901	7298728	6972955	6401786	6644808	6947264
"RPN2_HUMAN"	"HUMAN"	1196688	1822234	1446119	1327946	1757800	1951658
"RPOA_ECOLI"	"ECOLI"	755884	1766380	2247559	8997440	10131750	10187578
"RPOB_ECOLI"	"ECOLI"	249316	296877	NA	4481015	5313860	5719290
"RPOC_ECOLI"	"ECOLI"	2457253	NA	1070940	4937555	4818737	5248741
"RRF_ECOLI"	"ECOLI"	NA	NA	NA	2523052	NA	NA
"RS10_ECOLI"	"ECOLI"	NA	NA	NA	13135503	21254343	14024711
"RS10_HUMAN"	"HUMAN"	NA	NA	7052643	9774630	10272761	8905196
"RS11_ECOLI"	"ECOLI"	NA	NA	NA	13359957	10660863	13248915
"RS11_HUMAN"	"HUMAN"	7013428	8150458	8861013	7107973	7891135	7840079
"RS12_ECOLI"	"ECOLI"	NA	NA	NA	5777602	9385592	6117290
"RS12_HUMAN"	"HUMAN"	3544726	3533358	5049117	2923353	4683560	4646522
"RS13_ECOLI"	"ECOLI"	NA	NA	NA	11524011	11346473	11356596
"RS13_HUMAN"	"HUMAN"	13071489	14603958	14443253	11324187	11434070	10021909
"RS14_HUMAN"	"HUMAN"	7185328	6676223	8464242	7276833	7795289	7829618
"RS16_ECOLI"	"ECOLI"	NA	NA	NA	1429570	5341224	NA
"RS16_HUMAN"	"HUMAN"	11874856	13554280	11816462	11026704	14072963	11868531
"RS17_HUMAN"	"HUMAN"	2983062	3214831	3201552	2559327	2610608	2522192
"RS18_HUMAN"	"HUMAN"	12350945	14184471	15075746	13671549	14252233	14520524
"RS19_ECOLI"	"ECOLI"	NA	NA	NA	985265	NA	NA
"RS19_HUMAN"	"HUMAN"	5958309	6678477	7653645	6193132	6817420	6791121
"RS1_ECOLI"	"ECOLI"	3715561	4610583	4054266	9374951	18557024	18121822
"RS20_ECOLI"	"ECOLI"	NA	NA	NA	NA	8175527	7805860
"RS21_ECOLI"	"ECOLI"	NA	NA	NA	4031040	NA	4535161
"RS23_HUMAN"	"HUMAN"	5015217	5345956	5683862	4982945	5153825	5525754
"RS24_HUMAN"	"HUMAN"	3900392	4319308	1713356	2444277	5137944	2709937
"RS25_HUMAN"	"HUMAN"	12732056	14911887	15640065	11268812	13631969	12635983
"RS26_HUMAN"	"HUMAN"	NA	1965316	2072415	1720661	1845101	2138264
"RS27_HUMAN"	"HUMAN"	NA	4621569	5295079	4258359	4525129	4960623
"RS28_HUMAN"	"HUMAN"	4223578	4543193	4331641	4082221	4137397	4166778
"RS2_ECOLI"	"ECOLI"	NA	NA	NA	6506006	NA	6896609
"RS2_HUMAN"	"HUMAN"	7455252	8699358	8514236	9674394	10282027	10422007
"RS3A_HUMAN"	"HUMAN"	11170380	12254949	12923676	10412530	12149781	13100961
"RS3_ECOLI"	"ECOLI"	2087776	NA	NA	10989634	10728750	11180086
"RS3_HUMAN"	"HUMAN"	10406875	11952348	12584783	10472795	11479525	11462078
"RS4X_HUMAN"	"HUMAN"	9211267	10309646	7371469	9456562	9407795	12899818
"RS4Y2_HUMAN"	"HUMAN"	2506417	2912127	NA	5387445	5366904	5599706
"RS4_ECOLI"	"ECOLI"	2852980	3467304	3883792	14955324	15999277	15641331
"RS5_ECOLI"	"ECOLI"	2740812	3173554	3175097	16414911	17700911	17761190
"RS5_HUMAN"	"HUMAN"	9285273	9902974	12447321	9692111	12318278	10194258
"RS6_ECOLI"	"ECOLI"	1668161	NA	1619936	9000206	5446780	4849061
"RS6_HUMAN"	"HUMAN"	12983494	15218437	10574391	13932412	9713935	9829419
"RS7_ECOLI"	"ECOLI"	1644275	NA	NA	10201685	7993826	8505158
"RS7_HUMAN"	"HUMAN"	6171405	5786532	5246450	8052425	7873671	8413138
"RS8_ECOLI"	"ECOLI"	NA	NA	NA	8394395	9558804	10372526
"RS8_HUMAN"	"HUMAN"	12812214	14497113	13702699	13180351	13506881	14871209
"RS9_ECOLI"	"ECOLI"	NA	NA	NA	8264415	9222726	9131844
"RS9_HUMAN"	"HUMAN"	10977512	12569376	17597715	10775587	12708047	11976724
"RSMN_HUMAN"	"HUMAN"	1754928	NA	NA	2774000	2892613	NA
"RSSA_HUMAN"	"HUMAN"	12512969	14981573	14552429	13156827	14147814	13850546
"RTCB_HUMAN"	"HUMAN"	NA	1049582	NA	954682	1028369	NA
"RU2A_HUMAN"	"HUMAN"	NA	NA	1306277	NA	NA	NA
"RUVB1_HUMAN"	"HUMAN"	3658028	4295816	4927113	4479265	4045687	4147679
"RUVB2_HUMAN"	"HUMAN"	6433595	3577096	2293940	3100986	3224451	2445889
"S10A4_HUMAN"	"HUMAN"	7081073	NA	NA	7326717	8316812	8419663
"S10A6_HUMAN"	"HUMAN"	27163936	32177727	36251845	28945495	32303856	32313877
"S10AB_HUMAN"	"HUMAN"	5981389	7095476	6883824	5395793	7174887	3891049
"S10AD_HUMAN"	"HUMAN"	NA	NA	NA	1123514	NA	NA
"SAHH_HUMAN"	"HUMAN"	1952739	2922176	NA	1926322	2542427	NA
"SAP_HUMAN"	"HUMAN"	3089784	3926556	4432438	2778998	3801474	4001130
"SC22B_HUMAN"	"HUMAN"	1976997	2335020	2436371	2366523	2233664	2783567
"SC61B_HUMAN"	"HUMAN"	846986	NA	NA	NA	NA	1511926
"SCMC1_HUMAN"	"HUMAN"	NA	NA	NA	542728	NA	NA
"SCOT1_HUMAN"	"HUMAN"	3081446	2264168	3223534	2485411	2455403	3422137
"SEC13_HUMAN"	"HUMAN"	2124385	NA	NA	1533193	NA	NA
"SECA_ECOLI"	"ECOLI"	NA	NA	NA	397879	NA	NA
"SEPT2_HUMAN"	"HUMAN"	NA	NA	1646325	NA	NA	1551072
"SEPT7_HUMAN"	"HUMAN"	NA	1928308	NA	NA	1822064	NA
"SEPT9_HUMAN"	"HUMAN"	1155807	1235483	393418	NA	459183	431192
"SERA_HUMAN"	"HUMAN"	12854477	14255282	13913895	13591488	14249429	14427377
"SERC_HUMAN"	"HUMAN"	5660242	6647283	6827019	5889909	5846509	6217961
"SERPH_HUMAN"	"HUMAN"	4112339	4695189	5707345	5033926	5505929	5770600
"SET_HUMAN"	"HUMAN"	16619277	19045356	19872175	17216628	19311391	18725706
"SF3A3_HUMAN"	"HUMAN"	1188142	NA	1268150	NA	1047371	1244211
"SF3B1_HUMAN"	"HUMAN"	782370	457207	NA	483503	NA	781056
"SF3B2_HUMAN"	"HUMAN"	1096149	1245905	1242697	1264218	816986	737790
"SF3B3_HUMAN"	"HUMAN"	1722757	3223380	NA	1591288	3366149	3566653
"SFPQ_HUMAN"	"HUMAN"	9252631	11503241	12173721	10443428	11464070	11073536
"SFXN1_HUMAN"	"HUMAN"	1277810	NA	NA	NA	NA	NA
"SKP1_HUMAN"	"HUMAN"	NA	1924394	NA	NA	1857989	1875400
"SKP_ECOLI"	"ECOLI"	NA	NA	NA	NA	2043996	NA
"SLP_ECOLI"	"ECOLI"	2110052	2484404	2592163	13596741	12467958	14552678
"SLYB_ECOLI"	"ECOLI"	NA	NA	NA	2553035	2927676	2686994
"SMC1A_HUMAN"	"HUMAN"	3740183	NA	NA	NA	NA	NA
"SMC3_HUMAN"	"HUMAN"	362825	258056	268716	NA	281032	NA
"SMD2_HUMAN"	"HUMAN"	3474351	NA	NA	NA	4532759	4384869
"SND1_HUMAN"	"HUMAN"	2268090	2902422	2562752	2851336	2637551	3053396
"SODF_ECOLI"	"ECOLI"	7982847	NA	NA	30643447	32713669	34996737
"SODM_HUMAN"	"HUMAN"	1575551	1873965	3690676	1355448	NA	4034678
"SORCN_HUMAN"	"HUMAN"	NA	NA	NA	NA	1751287	1647137
"SP16H_HUMAN"	"HUMAN"	NA	1132802	1172906	1367135	1431226	1915085
"SPB6_HUMAN"	"HUMAN"	2184159	NA	991675	NA	NA	NA
"SPEB_ECOLI"	"ECOLI"	NA	NA	NA	928579	1553873	1602222
"SPEE_HUMAN"	"HUMAN"	2417325	2622506	3729204	2571192	3566348	2920476
"SPTB2_HUMAN"	"HUMAN"	NA	NA	726007	NA	719276	NA
"SPTN1_HUMAN"	"HUMAN"	NA	745109	611648	NA	1172687	1299557
"SRA_ECOLI"	"ECOLI"	NA	NA	NA	2041514	2192247	2153899
"SRP14_HUMAN"	"HUMAN"	4861074	5395844	3919285	3441799	3779173	5179955
"SRP68_HUMAN"	"HUMAN"	NA	NA	NA	NA	650949	NA
"SRRM1_HUMAN"	"HUMAN"	NA	NA	NA	NA	575747	NA
"SRRM2_HUMAN"	"HUMAN"	NA	NA	NA	1166235	NA	NA
"SRSF1_HUMAN"	"HUMAN"	2324276	3410171	3544342	3001919	3311814	4079404
"SRSF3_HUMAN"	"HUMAN"	NA	NA	NA	NA	3144343	NA
"SRSF9_HUMAN"	"HUMAN"	1071118	1325927	1382488	NA	NA	418088
"SSBP_HUMAN"	"HUMAN"	2854834	3230223	3913224	2852421	2363042	3126058
"SSPA_ECOLI"	"ECOLI"	NA	NA	NA	1784023	3106890	3377337
"SSRA_HUMAN"	"HUMAN"	3128262	3940127	2658259	2391451	2438266	2630992
"SSRD_HUMAN"	"HUMAN"	1673951	1736066	3517704	1688350	1783839	1768031
"SSRP1_HUMAN"	"HUMAN"	1879178	3315248	3320712	1132245	3198150	4185029
"ST134_HUMAN"	"HUMAN"	2698008	5319978	3410673	2665726	5290395	2971665
"STIP1_HUMAN"	"HUMAN"	4890689	6003525	5644491	6172319	6011912	5933144
"STML2_HUMAN"	"HUMAN"	1871254	977305	1520567	NA	1753646	1848375
"STMN1_HUMAN"	"HUMAN"	NA	NA	4112207	3855101	4352815	4343014
"STOM_HUMAN"	"HUMAN"	645210	NA	710886	NA	NA	NA
"STRAP_HUMAN"	"HUMAN"	855013	1079466	1223941	NA	1036784	995211
"SUCC_ECOLI"	"ECOLI"	NA	NA	NA	3406410	3345708	3636666
"SUCD_ECOLI"	"ECOLI"	NA	NA	NA	2670630	NA	1797855
"SYAC_HUMAN"	"HUMAN"	2316965	2650255	1452796	1355304	1800575	1331914
"SYA_ECOLI"	"ECOLI"	NA	NA	NA	411045	695360	487481
"SYDC_HUMAN"	"HUMAN"	1893316	NA	NA	3185271	3096272	3082522
"SYD_ECOLI"	"ECOLI"	NA	NA	NA	1569133	1442252	1762286
"SYEP_HUMAN"	"HUMAN"	2676751	3038183	3310667	2783015	3062293	3039559
"SYFA_HUMAN"	"HUMAN"	NA	NA	NA	NA	NA	1256677
"SYFB_ECOLI"	"ECOLI"	NA	NA	NA	945905	975319	NA
"SYFB_HUMAN"	"HUMAN"	1085500	1571171	1477884	1063790	1180275	NA
"SYGA_ECOLI"	"ECOLI"	NA	NA	NA	NA	1373894	1373209
"SYGB_ECOLI"	"ECOLI"	NA	NA	NA	1117178	2390717	2564230
"SYG_HUMAN"	"HUMAN"	2296507	3213037	3727801	2519825	1850773	NA
"SYH_ECOLI"	"ECOLI"	NA	NA	NA	NA	572792	NA
"SYIC_HUMAN"	"HUMAN"	938358	2444542	4565546	2193170	4653417	4802666
"SYI_ECOLI"	"ECOLI"	NA	NA	NA	NA	NA	744676
"SYK2_ECOLI"	"ECOLI"	1442712	1786277	NA	10752351	10400370	10905365
"SYLC_HUMAN"	"HUMAN"	1145771	1192968	1191951	1360819	1369585	2219164
"SYL_ECOLI"	"ECOLI"	NA	NA	NA	3440482	1707412	1814115
"SYMC_HUMAN"	"HUMAN"	788245	NA	NA	1437062	1010748	NA
"SYNC_HUMAN"	"HUMAN"	NA	924262	NA	NA	NA	NA
"SYN_ECOLI"	"ECOLI"	NA	NA	NA	2304147	1711275	2862705
"SYP_ECOLI"	"ECOLI"	NA	NA	NA	942308	1094383	1080045
"SYQ_HUMAN"	"HUMAN"	NA	1694849	1643612	1640764	773282	NA
"SYRC_HUMAN"	"HUMAN"	2827912	3035655	2941762	2874024	2731152	3161975
"SYS_ECOLI"	"ECOLI"	NA	NA	NA	662959	1104591	1232462
"SYTC_HUMAN"	"HUMAN"	5550858	4738840	5166249	4255828	4628235	4672568
"SYUA_HUMAN"	"HUMAN"	2205876	3778850	2548247	NA	NA	2355844
"SYVC_HUMAN"	"HUMAN"	NA	NA	1032333	NA	NA	1402138
"SYV_ECOLI"	"ECOLI"	NA	NA	NA	1911846	2006338	892095
"SYWC_HUMAN"	"HUMAN"	1851297	1672055	2071204	1897054	2122661	2013678
"SYYC_HUMAN"	"HUMAN"	1254414	4269762	2219874	656485	2765636	2849221
"SYY_ECOLI"	"ECOLI"	NA	NA	NA	1341608	NA	1413078
"TADBP_HUMAN"	"HUMAN"	2080262	1752209	2406601	2334669	2351115	1746084
"TAGL2_HUMAN"	"HUMAN"	13895046	15903285	15976328	13908956	14510643	14973682
"TALA_ECOLI"	"ECOLI"	1185956	1360622	1862507	8575957	9307340	9168407
"TALB_ECOLI"	"ECOLI"	2186913	3032751	2185380	16546326	16786599	17633762
"TALDO_HUMAN"	"HUMAN"	2539716	3177867	3331484	3239409	4036036	3548592
"TBA1C_HUMAN"	"HUMAN"	53196504	58492785	56779365	56029565	57610275	62355539
"TBA3E_HUMAN"	"HUMAN"	26801434	31051413	24716206	20073714	19290497	29283393
"TBA4A_HUMAN"	"HUMAN"	49852370	56199713	54930637	49491029	54467554	56843662
"TBA8_HUMAN"	"HUMAN"	36953953	47645347	49620199	36248095	44769053	46112075
"TBAL3_HUMAN"	"HUMAN"	NA	NA	18786419	NA	20429816	20985616
"TBB4B_HUMAN"	"HUMAN"	20680687	23981854	25809065	21502558	17988657	18293549
"TBB5_HUMAN"	"HUMAN"	50824931	56926168	58839893	56098788	58656580	61057961
"TBB6_HUMAN"	"HUMAN"	13191092	14014675	13485913	12962018	13778494	15059547
"TBB8_HUMAN"	"HUMAN"	20795645	23958887	24475988	21251982	23165768	23958168
"TBCA_HUMAN"	"HUMAN"	2426461	2901447	2871324	3668400	2718492	2682469
"TCP4_HUMAN"	"HUMAN"	NA	1046731	NA	NA	NA	NA
"TCPA_HUMAN"	"HUMAN"	5345025	6221553	5261552	5298000	5911844	4442474
"TCPB_HUMAN"	"HUMAN"	5472361	4684536	6784790	5287066	5258915	6056233
"TCPD_HUMAN"	"HUMAN"	3645404	4144582	5783363	5162019	4262074	4002406
"TCPE_HUMAN"	"HUMAN"	3491314	3745065	3017826	4165894	2097036	3816079
"TCPG_HUMAN"	"HUMAN"	7577726	9020747	11161673	7858046	9033764	9055934
"TCPH_HUMAN"	"HUMAN"	2607073	3366039	3403794	2962222	2897011	2731180
"TCPQ_HUMAN"	"HUMAN"	8791145	10292079	10330477	7259817	7638128	6996992
"TCPZ_HUMAN"	"HUMAN"	3597840	5233255	5308854	934948	4105383	6455313
"TDCE_ECOLI"	"ECOLI"	NA	NA	NA	12412092	11582784	10799340
"TEBP_HUMAN"	"HUMAN"	2023644	NA	NA	2091769	2381566	2854679
"TERA_HUMAN"	"HUMAN"	6599948	7635638	7545433	7109857	7016190	7250949
"TFR1_HUMAN"	"HUMAN"	3261022	3609891	3563886	2457822	3282459	3228095
"THIC_HUMAN"	"HUMAN"	782208	872694	803689	954023	612426	NA
"THIL_HUMAN"	"HUMAN"	NA	2164430	2118817	NA	NA	NA
"THIM_HUMAN"	"HUMAN"	NA	1127386	1944432	657678	1005250	NA
"THIO_ECOLI"	"ECOLI"	NA	NA	NA	3490294	3733008	3630791
"THIO_HUMAN"	"HUMAN"	7776391	8880020	9689786	12124515	9485448	14301675
"THOC4_HUMAN"	"HUMAN"	NA	NA	NA	NA	2418229	NA
"THRC_ECOLI"	"ECOLI"	NA	NA	NA	489915	521619	511262
"TIF1B_HUMAN"	"HUMAN"	3227121	2530302	2635288	3125915	2876386	3790484
"TIG_ECOLI"	"ECOLI"	687863	5845045	NA	4381873	6345120	4899942
"TKT1_ECOLI"	"ECOLI"	NA	NA	NA	4804148	5087391	5012981
"TKT2_ECOLI"	"ECOLI"	271101	NA	604137	2310245	4005772	2430310
"TKT_HUMAN"	"HUMAN"	51600670	64340360	66559882	58795342	61964348	63292374
"TLN1_HUMAN"	"HUMAN"	1695753	2830956	2346341	2447972	2070180	2559329
"TMED9_HUMAN"	"HUMAN"	550520	794409	614613	557077	NA	NA
"TMM43_HUMAN"	"HUMAN"	NA	NA	NA	NA	709466	NA
"TNAA_ECOLI"	"ECOLI"	21714041	24983284	24613321	90964208	101226392	107013588
"TNPO1_HUMAN"	"HUMAN"	734402	1470506	790213	1341504	1307601	753178
"TOLB_ECOLI"	"ECOLI"	NA	NA	NA	724864	NA	1632833
"TOLC_ECOLI"	"ECOLI"	NA	NA	NA	650019	NA	NA
"TOP2A_HUMAN"	"HUMAN"	NA	NA	976833	NA	607663	991786
"TOP2B_HUMAN"	"HUMAN"	NA	NA	1275604	1107992	1125638	1334636
"TPIS_ECOLI"	"ECOLI"	1102407	1767892	2054153	8880719	9970388	9258052
"TPIS_HUMAN"	"HUMAN"	29957348	34705048	38376774	31618985	33962057	36614335
"TPM2_HUMAN"	"HUMAN"	NA	NA	1147566	NA	NA	NA
"TPM3L_HUMAN"	"HUMAN"	NA	NA	NA	4017580	NA	NA
"TPM3_HUMAN"	"HUMAN"	1936485	10495996	8267910	5859409	8575763	8378054
"TPM4_HUMAN"	"HUMAN"	1713920	1169354	2136931	NA	1953448	2631688
"TPX_ECOLI"	"ECOLI"	2427897	2881035	3275840	12496033	12886112	13999801
"TRA2B_HUMAN"	"HUMAN"	NA	NA	2644036	NA	NA	2637907
"TRAP1_HUMAN"	"HUMAN"	20908701	23541448	23820545	20400255	21969209	22922770
"TREC_ECOLI"	"ECOLI"	NA	NA	NA	NA	437319	NA
"TRI25_HUMAN"	"HUMAN"	NA	649497	NA	NA	NA	NA
"TRXR1_HUMAN"	"HUMAN"	3584731	6564952	6014279	4281494	6252134	7438317
"TXD12_HUMAN"	"HUMAN"	1975227	797649	2271617	NA	675161	755419
"TXND5_HUMAN"	"HUMAN"	473958	1372236	1448702	1454382	1598364	1337438
"TXTP_HUMAN"	"HUMAN"	NA	NA	NA	1083926	1390535	1376265
"TYPA_ECOLI"	"ECOLI"	NA	NA	NA	1187132	1050842	1072199
"U2AF2_HUMAN"	"HUMAN"	1471092	2334930	1696059	1533271	2255167	1635739
"U520_HUMAN"	"HUMAN"	NA	855351	1925117	766773	981128	532016
"U5S1_HUMAN"	"HUMAN"	7496780	9167235	10520705	7876200	9439236	8770746
"UBA1_HUMAN"	"HUMAN"	6687782	7910086	7926406	8520307	8543145	8966353
"UBC9_HUMAN"	"HUMAN"	2197345	2197230	2332434	NA	2299109	2318762
"UBP2L_HUMAN"	"HUMAN"	637767	NA	651472	NA	NA	NA
"UBP5_HUMAN"	"HUMAN"	NA	NA	NA	NA	1109253	NA
"UBQL1_HUMAN"	"HUMAN"	NA	NA	NA	662090	NA	NA
"UBQL2_HUMAN"	"HUMAN"	NA	NA	576943	NA	452785	NA
"UDP_ECOLI"	"ECOLI"	754774	1255922	1307780	5291065	8706176	5902861
"UE2NL_HUMAN"	"HUMAN"	NA	NA	NA	NA	NA	2259946
"UGDH_HUMAN"	"HUMAN"	830357	1089519	1748265	NA	749112	1566930
"UPP_ECOLI"	"ECOLI"	NA	NA	NA	2337013	2604737	2788009
"USPG_ECOLI"	"ECOLI"	NA	NA	NA	6357438	4402064	7817554
"VAT1_HUMAN"	"HUMAN"	1862168	2320593	3313373	2154122	2063117	3722051
"VATA_HUMAN"	"HUMAN"	NA	2161689	NA	NA	1531846	1556430
"VDAC1_HUMAN"	"HUMAN"	13147572	14305154	16017807	12765900	13690129	14233770
"VDAC2_HUMAN"	"HUMAN"	4665409	5500333	7434823	4490711	7445414	6794822
"VDAC3_HUMAN"	"HUMAN"	6404358	6766048	5910825	5816570	5787888	6037370
"VIME_HUMAN"	"HUMAN"	32989294	38911085	40540817	37344934	36931779	38255543
"VINC_HUMAN"	"HUMAN"	3217165	2590826	2947740	2419320	2465154	2904411
"VPS35_HUMAN"	"HUMAN"	NA	NA	812566	990113	NA	NA
"WDR1_HUMAN"	"HUMAN"	1026530	1032802	786339	1038849	NA	NA
"XPO1_HUMAN"	"HUMAN"	762375	1540421	761429	1265524	844051	959281
"XPO2_HUMAN"	"HUMAN"	3597511	4553496	4608493	2558472	2937038	2436494
"XRCC5_HUMAN"	"HUMAN"	8477069	8848000	9552574	8866053	9789472	10394328
"XRCC6_HUMAN"	"HUMAN"	9481869	9879668	10187749	10117863	10497181	11037086
"YAGE_ECOLI"	"ECOLI"	1043422	2546803	2442954	11302562	9312410	9836537
"YAGE_ECOLI/reverse_sp"	"ECOLI"	1840526	NA	NA	NA	NA	NA
"YAGF_ECOLI"	"ECOLI"	NA	NA	NA	4268370	4253106	4732961
"YAJC_ECOLI"	"ECOLI"	NA	NA	NA	4063692	NA	4410047
"YAJQ_ECOLI"	"ECOLI"	NA	NA	NA	2427794	2535279	2765611
"YBAY_ECOLI"	"ECOLI"	NA	NA	NA	3637951	3400104	NA
"YBBN_ECOLI"	"ECOLI"	NA	NA	NA	NA	NA	730834
"YBEL_ECOLI"	"ECOLI"	NA	NA	NA	1543630	NA	NA
"YCAC_ECOLI"	"ECOLI"	NA	NA	NA	2084900	5479630	10254995
"YDFG_ECOLI"	"ECOLI"	NA	NA	NA	1692532	1799932	NA
"YDFZ_ECOLI"	"ECOLI"	NA	NA	NA	2280327	NA	NA
"YDJA_ECOLI"	"ECOLI"	NA	NA	NA	NA	689110	NA
"YEAD_ECOLI"	"ECOLI"	NA	NA	NA	1996023	3551763	2565673
"YEAY_ECOLI"	"ECOLI"	NA	NA	NA	449870	NA	NA
"YEGP_ECOLI"	"ECOLI"	807328	930101	NA	3454508	3817390	2222064
"YFBU_ECOLI"	"ECOLI"	NA	NA	NA	1944584	3953467	NA
"YFCZ_ECOLI"	"ECOLI"	NA	NA	NA	1849938	1859426	1927516
"YGAU_ECOLI"	"ECOLI"	1388585	1706935	1794831	10694047	11276713	11521149
"YGFZ_ECOLI"	"ECOLI"	NA	NA	NA	NA	2343834	NA
"YGHA_ECOLI"	"ECOLI"	NA	NA	NA	2655942	3774626	984836
"YGIW_ECOLI"	"ECOLI"	NA	NA	NA	4779944	8184029	8495175
"YHHA_ECOLI"	"ECOLI"	NA	NA	NA	NA	155058	158017
"YI016_HUMAN"	"HUMAN"	45078501	52092840	52192618	50593458	54240288	70079743
"YIEF_ECOLI"	"ECOLI"	NA	NA	NA	NA	NA	1454951
"YJBJ_ECOLI"	"ECOLI"	NA	NA	NA	NA	4181908	4691500
"YJGB_ECOLI"	"ECOLI"	NA	NA	285427	931270	1317540	1392511
"YJJK_ECOLI"	"ECOLI"	NA	NA	NA	1445059	1809203	1259953
"YQHD_ECOLI"	"ECOLI"	NA	NA	NA	NA	NA	412790
"YQJD_ECOLI"	"ECOLI"	NA	NA	NA	5915098	NA	NA
"YTFQ_ECOLI"	"ECOLI"	NA	NA	NA	3266480	3478006	3754540
